"model_id","Energy Score","Brier Score Point","Brier Score Dist","Interval Coverage 50","Interval Coverage 90","horizon","n"
"CADPH-CATaLog",NA,0.277020141943608,NA,NA,NA,-31,23
"CADPH-CATaMaran",NA,0.198756802920786,NA,NA,NA,-31,7
"Hub-baseline",0.796335851289029,0.27795753848553,0.279253691988221,0.923311325545962,0.976637887252412,-31,638
"Hub-ensemble",0.588293211816916,0.21558135652198,0.232933637490464,0.948930597992143,0.988214753382802,-31,336
"LANL-CovTransformer",NA,0.384626538276272,NA,NA,NA,-31,521
"UGA-multicast",0.844108331681389,0.280449554316924,0.28824931647957,0.915942928039702,0.960918114143921,-31,580
"UMass-CCHMLR",0.550447079523893,0.262645713493449,0.275028778546525,0.956643356643357,0.986013986013986,-31,82
"UMass-HMLR",0.764209104562093,0.27577324372368,0.289450091757494,0.920346789487944,0.975345434841506,-31,627
"UMass-PyHMLR",0.604017945026207,0.21044912190246,0.222593985831209,0.939583333333333,0.972916666666667,-31,210
"blab-gisaid_hier_mlr",1.09706635062321,0.283038631270803,0.286271562756712,0.801724137931034,0.922413793103448,-31,35
"blab-open_hier_mlr",0.568500531999814,0.15370876063865,0.155639188854611,0.7890625,0.9375,-31,77
"CADPH-CATaLog",NA,0.287463131690398,NA,NA,NA,-30,21
"CADPH-CATaMaran",NA,0.235896599497636,NA,NA,NA,-30,8
"Hub-baseline",0.860076508346066,0.271880128828225,0.272878013569281,0.891622891899364,0.967376278683992,-30,794
"Hub-ensemble",0.622494299754094,0.199468960631528,0.217776872958818,0.935845670704352,0.985195154777927,-30,422
"LANL-CovTransformer",NA,0.382646742479534,NA,NA,NA,-30,596
"UGA-multicast",0.931402874102986,0.278218834075369,0.288000274362366,0.879210615855733,0.941476692752637,-30,727
"UMass-CCHMLR",0.616594561025243,0.274527248904074,0.291472109401986,0.946629213483146,0.98314606741573,-30,90
"UMass-HMLR",0.845324235440632,0.26481600523857,0.276775789803076,0.891130228418867,0.970631859982201,-30,765
"UMass-PyHMLR",0.608620646563596,0.196794692797991,0.209006565923991,0.92626404494382,0.968398876404494,-30,267
"blab-gisaid_hier_mlr",1.3881309985527,0.220118485393924,0.224278388612056,0.803921568627451,0.911764705882353,-30,44
"blab-open_hier_mlr",0.626771233819473,0.179309766993243,0.181316571961484,0.75609756097561,0.91869918699187,-30,85
"CADPH-CATaLog",NA,0.267635403511572,NA,NA,NA,-29,24
"CADPH-CATaMaran",NA,0.175719752314598,NA,NA,NA,-29,10
"Hub-baseline",0.926179722506948,0.285845070574771,0.287360835485259,0.885188193880314,0.963173571621988,-29,840
"Hub-ensemble",0.684671656248012,0.223284165733514,0.240891483969369,0.924845269672856,0.97922192749779,-29,458
"LANL-CovTransformer",NA,0.405295298693347,NA,NA,NA,-29,634
"UGA-multicast",1.00218052156263,0.300015323774038,0.307972323433432,0.872,0.936,-29,763
"UMass-CCHMLR",0.535928751931341,0.235009523012504,0.25367616323794,0.946927374301676,0.980446927374302,-29,110
"UMass-HMLR",0.898222239545399,0.282686128627676,0.296902493945124,0.880835024644825,0.960858219773847,-29,822
"UMass-PyHMLR",0.636254939427364,0.21802193486138,0.230695149468705,0.915336571825121,0.956974323386537,-29,294
"blab-gisaid_hier_mlr",1.63008494863383,0.239634883044283,0.243676179751703,0.744897959183674,0.908163265306122,-29,46
"blab-open_hier_mlr",0.699161206387816,0.184897196453669,0.186982834936709,0.699248120300752,0.917293233082707,-29,92
"CADPH-CATaLog",NA,0.261312506130716,NA,NA,NA,-28,24
"CADPH-CATaMaran",NA,0.183262325680083,NA,NA,NA,-28,10
"Hub-baseline",0.898815935519736,0.276430427388669,0.278358929396317,0.889036368462968,0.960180514998673,-28,832
"Hub-ensemble",0.684821595609735,0.215746009868889,0.232595790590209,0.925425207152202,0.980811164413432,-28,455
"LANL-CovTransformer",NA,0.414288015458728,NA,NA,NA,-28,645
"UGA-multicast",0.965385458650941,0.287574444059525,0.296501081011815,0.875812743823147,0.941157347204161,-28,757
"UMass-CCHMLR",0.53306777360624,0.24267013062385,0.258246476722576,0.940852819807428,0.986244841815681,-28,109
"UMass-HMLR",0.851387230885461,0.272314735227016,0.28797981616233,0.885325007096225,0.964235026965654,-28,816
"UMass-PyHMLR",0.607427674796749,0.202189604501465,0.212105853262778,0.925137362637363,0.962912087912088,-28,276
"blab-gisaid_hier_mlr",1.61631758780432,0.269613083411614,0.272952705017966,0.705357142857143,0.892857142857143,-28,54
"blab-open_hier_mlr",0.731033560624336,0.196996075684868,0.199061539506016,0.682432432432432,0.918918918918919,-28,100
"CADPH-CATaLog",NA,0.267097137782146,NA,NA,NA,-27,34
"CADPH-CATaMaran",NA,0.197272658238085,NA,NA,NA,-27,13
"Hub-baseline",0.918730077983699,0.274178795942786,0.275878669568571,0.895860118282335,0.966058112625354,-27,873
"Hub-ensemble",0.733141125179051,0.22585058804164,0.241408565793528,0.925612848689772,0.982671174978867,-27,482
"LANL-CovTransformer",NA,0.393461840404689,NA,NA,NA,-27,709
"UGA-multicast",0.963775433615086,0.28177643515955,0.289657874584647,0.881744040150565,0.947302383939774,-27,805
"UMass-CCHMLR",0.571107387482874,0.25202312632046,0.262234208984624,0.941336971350614,0.984993178717599,-27,109
"UMass-HMLR",0.867450810839511,0.268748209734366,0.283419414834645,0.892729766803841,0.969547325102881,-27,854
"UMass-PyHMLR",0.634129122243057,0.211364020876606,0.222399509392739,0.92751677852349,0.960402684563758,-27,281
"blab-gisaid_hier_mlr",1.34217062645311,0.236423051351923,0.239444989344501,0.744360902255639,0.902255639097744,-27,65
"blab-open_hier_mlr",0.742980687522794,0.196220102904203,0.198204713044251,0.685185185185185,0.91358024691358,-27,117
"CADPH-CATaLog",NA,0.301746247188782,NA,NA,NA,-26,52
"CADPH-CATaMaran",NA,0.249782597934287,NA,NA,NA,-26,20
"Hub-baseline",0.938731076994362,0.275778036001241,0.277454897805415,0.897928624906414,0.963314200149738,-26,838
"Hub-ensemble",0.67175204628533,0.220862178291415,0.23678543453146,0.936907216494845,0.983505154639175,-26,433
"LANL-CovTransformer",NA,0.383423805731237,NA,NA,NA,-26,679
"UGA-multicast",1.01761198576308,0.289386106511409,0.297666096014652,0.883156297420334,0.946585735963581,-26,780
"UMass-CCHMLR",0.581508212794589,0.260328806592968,0.272196647355509,0.953395472703063,0.984021304926764,-26,93
"UMass-HMLR",0.903803238103474,0.270533845413048,0.283522859853934,0.896542553191489,0.967287234042553,-26,816
"UMass-PyHMLR",0.650020829489755,0.226658702150888,0.237515049216001,0.925853018372703,0.963254593175853,-26,262
"blab-gisaid_hier_mlr",1.29749063406881,0.254454943253783,0.258017515940938,0.785234899328859,0.939597315436242,-26,59
"blab-open_hier_mlr",0.746981205398044,0.219724178457992,0.221475285427375,0.705882352941177,0.914438502673797,-26,124
"CADPH-CATaLog",NA,0.301131494431944,NA,NA,NA,-25,60
"CADPH-CATaMaran",NA,0.270071806065105,NA,NA,NA,-25,24
"Hub-baseline",0.870446158866541,0.284275809867836,0.286357617298563,0.908682280577242,0.968535604447599,-25,781
"Hub-ensemble",0.670017151822367,0.217983052117938,0.233592716731431,0.936482084690554,0.982084690553746,-25,411
"LANL-CovTransformer",NA,0.390095581966012,NA,NA,NA,-25,651
"UGA-multicast",0.940844934486698,0.290390094379726,0.297866420920282,0.898401826484018,0.954623287671233,-25,728
"UMass-CCHMLR",0.470635369012152,0.227230571382727,0.24201516390379,0.958940397350993,0.994701986754967,-25,88
"UMass-HMLR",0.84235454010193,0.278061957817971,0.289043123248977,0.908063300678222,0.969354433559407,-25,770
"UMass-PyHMLR",0.552364142268528,0.202981595147836,0.213209348576877,0.945857795172864,0.969993476842792,-25,242
"blab-gisaid_hier_mlr",1.50963736874831,0.252352969652354,0.255506990745563,0.75609756097561,0.914634146341463,-25,65
"blab-open_hier_mlr",0.590702142003527,0.183196042324464,0.184954481136584,0.77319587628866,0.917525773195876,-25,126
"CADPH-CATaLog",NA,0.266204866851359,NA,NA,NA,-24,51
"CADPH-CATaMaran",NA,0.160522516287785,NA,NA,NA,-24,19
"Hub-baseline",0.921736373635872,0.281185723299645,0.283849441575095,0.900096061479347,0.967339097022094,-24,819
"Hub-ensemble",0.690422391281189,0.214581579612554,0.230897568671426,0.933499584372402,0.984621778886118,-24,432
"LANL-CovTransformer",NA,0.396991480380519,NA,NA,NA,-24,692
"UGA-multicast",0.959734330968668,0.282245967134107,0.289075636309716,0.891310665504214,0.948852077884336,-24,762
"UMass-CCHMLR",0.624399155413704,0.288886206028547,0.304853725962377,0.943166441136671,0.983761840324763,-24,94
"UMass-HMLR",0.868199734460921,0.280835585978212,0.290954173161873,0.898391626244575,0.963747766147562,-24,809
"UMass-PyHMLR",0.641983352514728,0.217010671869101,0.228528559032694,0.926715522984677,0.962691538974017,-24,258
"blab-gisaid_hier_mlr",1.09853381924316,0.229663488443841,0.233222984500444,0.746666666666667,0.926666666666667,-24,67
"blab-open_hier_mlr",0.670274720523516,0.188615394294165,0.190432336223696,0.71505376344086,0.924731182795699,-24,125
"CADPH-CATaLog",NA,0.302485859693506,NA,NA,NA,-23,48
"CADPH-CATaMaran",NA,0.288191255595567,NA,NA,NA,-23,19
"Hub-baseline",1.03007080344512,0.27832220728748,0.280795848463384,0.860091743119266,0.952089704383282,-23,1050
"Hub-ensemble",0.768074084482843,0.202249455342227,0.220470012823272,0.908291457286432,0.979480737018425,-23,560
"LANL-CovTransformer",NA,0.393280758434129,NA,NA,NA,-23,812
"UGA-multicast",1.09909199608481,0.28285576148149,0.291590931223478,0.84472049689441,0.922981366459627,-23,963
"UMass-CCHMLR",0.595237894765819,0.26335368898108,0.281399947189241,0.938172043010753,0.978494623655914,-23,114
"UMass-HMLR",0.978491028290875,0.269277017905802,0.281749887313053,0.860054347826087,0.952717391304348,-23,1023
"UMass-PyHMLR",0.669107898715354,0.198280169159564,0.210332925137978,0.912724850099933,0.952698201199201,-23,330
"blab-gisaid_hier_mlr",1.7226157911074,0.237917699320457,0.241130753301918,0.680851063829787,0.886524822695035,-23,76
"blab-open_hier_mlr",0.759896740088967,0.174524478019553,0.176622563907688,0.718918918918919,0.908108108108108,-23,140
"CADPH-CATaLog",NA,0.265790454716342,NA,NA,NA,-22,54
"CADPH-CATaMaran",NA,0.192474120263818,NA,NA,NA,-22,22
"Hub-baseline",1.06015429901362,0.29299260826258,0.295769181538815,0.851260294484652,0.948839530821063,-22,1106
"Hub-ensemble",0.795774688501315,0.224575667172281,0.244011106819321,0.902691511387164,0.974327122153209,-22,591
"LANL-CovTransformer",NA,0.408000432717304,NA,NA,NA,-22,862
"UGA-multicast",1.14845822034896,0.301758543744181,0.310439177467978,0.83474833232262,0.918435415403275,-22,1011
"UMass-CCHMLR",0.583599371906874,0.254257981495788,0.273045723671986,0.937081659973226,0.982597054886212,-22,125
"UMass-HMLR",1.01234954438323,0.286048125189758,0.30056736891199,0.846930640446452,0.949774116396492,-22,1084
"UMass-PyHMLR",0.725228373198766,0.223769330222106,0.236498680457888,0.902310231023102,0.943234323432343,-22,355
"blab-gisaid_hier_mlr",1.61813787330641,0.226219988093281,0.230123107692947,0.657342657342657,0.853146853146853,-22,87
"blab-open_hier_mlr",0.835743805429773,0.19806142474799,0.200163478318293,0.629441624365482,0.878172588832487,-22,149
"CADPH-CATaLog",NA,0.286365204101238,NA,NA,NA,-21,55
"CADPH-CATaMaran",NA,0.221443382102189,NA,NA,NA,-21,24
"Hub-baseline",1.04503234767864,0.284523398776203,0.287468935387305,0.858895705521472,0.945521472392638,-21,1084
"Hub-ensemble",0.785943177465766,0.216607461983837,0.235577483277229,0.906480721903199,0.973748974569319,-21,577
"LANL-CovTransformer",NA,0.417265359136304,NA,NA,NA,-21,880
"UGA-multicast",1.09203374549931,0.288917782240527,0.297832689675261,0.841401841401841,0.926640926640927,-21,1002
"UMass-CCHMLR",0.561461097012732,0.240198829573722,0.257797424840489,0.939153439153439,0.978835978835979,-21,123
"UMass-HMLR",0.956920450654764,0.27665023544248,0.288874803429694,0.857739493604803,0.954842077786479,-21,1067
"UMass-PyHMLR",0.699824321266563,0.208499260799866,0.219099668150039,0.911533420707733,0.956094364351245,-21,328
"blab-gisaid_hier_mlr",1.60246117880411,0.239988238261991,0.24317509761618,0.649006622516556,0.880794701986755,-21,89
"blab-open_hier_mlr",0.793177032888646,0.194354946902367,0.196608756109243,0.666666666666667,0.885572139303483,-21,149
"CADPH-CATaLog",NA,0.271979686137302,NA,NA,NA,-20,67
"CADPH-CATaMaran",NA,0.206615751303543,NA,NA,NA,-20,30
"Hub-baseline",1.07110108349989,0.285035691476546,0.287138780537974,0.859761904761905,0.952380952380952,-20,1138
"Hub-ensemble",0.77214427283776,0.21866983206825,0.237540018747422,0.906150159744409,0.978833865814696,-20,599
"LANL-CovTransformer",NA,0.41664172584222,NA,NA,NA,-20,938
"UGA-multicast",1.16020924007282,0.284322923955209,0.292864691199224,0.844163312248419,0.929269695227142,-20,1058
"UMass-CCHMLR",0.556133219433368,0.236901892845677,0.24836786427197,0.939632545931758,0.989501312335958,-20,125
"UMass-HMLR",1.0011280987685,0.275205451015139,0.286545899747287,0.8649468892261,0.9549822964087,-20,1118
"UMass-PyHMLR",0.712684266365174,0.212206863751245,0.223333120251451,0.909149072296865,0.947536788227767,-20,343
"blab-gisaid_hier_mlr",1.45458939321533,0.229141372529513,0.232358623551083,0.662857142857143,0.834285714285714,-20,111
"blab-open_hier_mlr",0.753438851527376,0.190976344885411,0.192995024282082,0.670995670995671,0.9004329004329,-20,180
"CADPH-CATaLog",NA,0.2883350155356,NA,NA,NA,-19,79
"CADPH-CATaMaran",NA,0.253158584546319,NA,NA,NA,-19,34
"Hub-baseline",1.05645519432708,0.289224416901755,0.291377093222872,0.865108745950949,0.950948634891254,-19,1100
"Hub-ensemble",0.748257436681681,0.221819680283078,0.239550587842765,0.917545916373583,0.980070339976553,-19,545
"LANL-CovTransformer",NA,0.401691507524755,NA,NA,NA,-19,921
"UGA-multicast",1.13353037818304,0.289448418097797,0.296651173478539,0.855629877369008,0.928651059085842,-19,1027
"UMass-CCHMLR",0.580062470649942,0.254854556444532,0.26805957759436,0.944587628865979,0.981958762886598,-19,108
"UMass-HMLR",1.00939271678956,0.278755157604764,0.290623939911968,0.868317802844532,0.953163315350662,-19,1079
"UMass-PyHMLR",0.747121643591929,0.235514484619278,0.24612467576076,0.908690176322418,0.95088161209068,-19,312
"blab-gisaid_hier_mlr",1.38999754220477,0.216785541468367,0.220059725772008,0.740932642487047,0.927461139896373,-19,102
"blab-open_hier_mlr",0.784024630968826,0.220455796668337,0.222374512888066,0.669322709163347,0.896414342629482,-19,181
"CADPH-CATaLog",NA,0.293667084942536,NA,NA,NA,-18,83
"CADPH-CATaMaran",NA,0.259245732166688,NA,NA,NA,-18,36
"Hub-baseline",0.992544728892732,0.295299661766553,0.297152613376656,0.881961393388063,0.954958952740182,-18,1017
"Hub-ensemble",0.715158302080192,0.21415679352988,0.231074040890054,0.924689440993789,0.977484472049689,-18,515
"LANL-CovTransformer",NA,0.401153338755892,NA,NA,NA,-18,872
"UGA-multicast",1.03996120396198,0.288799506501933,0.295508370731014,0.87180170575693,0.936300639658849,-18,940
"UMass-CCHMLR",0.509884237894637,0.237758807506363,0.258780257036508,0.953667953667954,0.994851994851995,-18,100
"UMass-HMLR",0.948662659874625,0.281543625940677,0.292559319575907,0.88142756515614,0.959145339281521,-18,999
"UMass-PyHMLR",0.636408094442707,0.21281253820084,0.221802456634691,0.927899686520376,0.955485893416928,-18,293
"blab-gisaid_hier_mlr",1.46655248688452,0.241323548445461,0.244526117038978,0.705,0.875,-18,102
"blab-open_hier_mlr",0.59957518427864,0.181254952717199,0.183114743843475,0.733590733590734,0.895752895752896,-18,187
"CADPH-CATaLog",NA,0.278599692441404,NA,NA,NA,-17,80
"CADPH-CATaMaran",NA,0.207689969640127,NA,NA,NA,-17,34
"Hub-baseline",1.07810673836566,0.293585443683231,0.295310542821162,0.864181091877497,0.95162006213937,-17,1117
"Hub-ensemble",0.716544592415292,0.209114017718736,0.22837987895237,0.915686274509804,0.98156862745098,-17,556
"LANL-CovTransformer",NA,0.39575764003874,NA,NA,NA,-17,977
"UGA-multicast",1.0757997497328,0.281659172287142,0.288519762495145,0.85954606141522,0.93324432576769,-17,1029
"UMass-CCHMLR",0.594453298028712,0.2734622916121,0.290284636132951,0.935567010309278,0.980670103092783,-17,119
"UMass-HMLR",0.981041328122918,0.279075240677559,0.290523449640432,0.869422263973697,0.948332550493189,-17,1105
"UMass-PyHMLR",0.672741123510503,0.210765064435579,0.221493747215468,0.914664981036662,0.959544879898862,-17,321
"blab-gisaid_hier_mlr",1.21259109565658,0.222225791027622,0.22551151114033,0.683937823834197,0.875647668393782,-17,109
"blab-open_hier_mlr",0.69191151434831,0.198018300515354,0.19993997431604,0.701960784313725,0.905882352941176,-17,185
"CADPH-CATaLog",NA,0.309055976307097,NA,NA,NA,-16,78
"CADPH-CATaMaran",NA,0.303527419776244,NA,NA,NA,-16,32
"Hub-baseline",1.26434901184182,0.298496134526757,0.30120923999834,0.803230209281165,0.920154686078253,-16,1473
"Hub-ensemble",0.836630402761257,0.205142581040477,0.226230733758221,0.8861852433281,0.973704866562009,-16,700
"LANL-CovTransformer",NA,0.40943541161991,NA,NA,NA,-16,1196
"UGA-multicast",1.32642661223643,0.294242732305699,0.302463215066396,0.792753225363711,0.892121877573429,-16,1343
"UMass-CCHMLR",0.670421574373146,0.281746484133852,0.299378467118161,0.920103092783505,0.971649484536082,-16,137
"UMass-HMLR",1.20013092666974,0.285252605012317,0.296996641986786,0.808823529411765,0.92526518804243,-16,1449
"UMass-PyHMLR",0.8180506883785,0.213605604550265,0.225579256485947,0.88510101010101,0.933080808080808,-16,400
"blab-gisaid_hier_mlr",1.61522167760827,0.217571876464795,0.221244708206994,0.65625,0.875,-16,130
"blab-open_hier_mlr",0.915625465561587,0.193437260421452,0.195529212577102,0.62890625,0.84765625,-16,203
"CADPH-CATaLog",NA,0.284813955764888,NA,NA,NA,-15,79
"CADPH-CATaMaran",NA,0.236787831900325,NA,NA,NA,-15,34
"Hub-baseline",1.25882799886927,0.311526393461239,0.315169056005113,0.797448522829006,0.924798567591764,-15,1514
"Hub-ensemble",0.875582499769954,0.225166609654408,0.248766989247657,0.881594372801876,0.971864009378664,-15,713
"LANL-CovTransformer",NA,0.424708075323575,NA,NA,NA,-15,1238
"UGA-multicast",1.31877216948797,0.308574858191523,0.316462342693907,0.787176724137931,0.890355603448276,-15,1385
"UMass-CCHMLR",0.629883626980267,0.268074876415168,0.287168850326791,0.929123711340206,0.967783505154639,-15,146
"UMass-HMLR",1.21297492705681,0.297266876529315,0.309563131291923,0.796730632551528,0.929874437337124,-15,1487
"UMass-PyHMLR",0.873034372219992,0.23608644029875,0.249798986941144,0.878692646134507,0.930232558139535,-15,416
"blab-gisaid_hier_mlr",1.68580617938284,0.231090685324438,0.235429938175765,0.598958333333333,0.828125,-15,136
"blab-open_hier_mlr",0.946646533027145,0.204171250462528,0.206430231564726,0.625482625482625,0.857142857142857,-15,206
"CADPH-CATaLog",NA,0.290540125004211,NA,NA,NA,-14,78
"CADPH-CATaMaran",NA,0.226633534849287,NA,NA,NA,-14,33
"Hub-baseline",1.23037448844847,0.297352019938839,0.301201225632275,0.813683975930466,0.926899933140183,-14,1434
"Hub-ensemble",0.81363811861576,0.208513622906874,0.23041445170778,0.892703862660944,0.976199765899337,-14,673
"LANL-CovTransformer",NA,0.429378744659596,NA,NA,NA,-14,1194
"UGA-multicast",1.26011226447897,0.293172041651748,0.301412685391334,0.804989270386266,0.906115879828326,-14,1311
"UMass-CCHMLR",0.582474377273269,0.242714769071498,0.261755442007015,0.929305912596401,0.984575835475578,-14,133
"UMass-HMLR",1.14102932458748,0.284506932975569,0.29709203007655,0.816937957065346,0.936777541873083,-14,1418
"UMass-PyHMLR",0.7531196641984,0.208948718744551,0.220393081490253,0.89717868338558,0.945454545454545,-14,381
"blab-gisaid_hier_mlr",1.52689457685606,0.214273548298523,0.217595335035738,0.632124352331606,0.89119170984456,-14,130
"blab-open_hier_mlr",0.85866866254367,0.19283428524661,0.19497530532273,0.656488549618321,0.870229007633588,-14,196
"CADPH-CATaLog",NA,0.287618446246973,NA,NA,NA,-13,81
"CADPH-CATaMaran",NA,0.216410811197101,NA,NA,NA,-13,32
"Hub-baseline",1.25302741563538,0.306667911536151,0.31034740860946,0.818401937046005,0.929121725731895,-13,1427
"Hub-ensemble",0.796019199019042,0.216129599042504,0.238469529075266,0.902089783281734,0.978715170278638,-13,653
"LANL-CovTransformer",NA,0.426867788538195,NA,NA,NA,-13,1207
"UGA-multicast",1.3062033608342,0.296860601196962,0.304270758639666,0.810253699788584,0.904069767441861,-13,1314
"UMass-CCHMLR",0.579773145177673,0.240836474206727,0.259450251718343,0.93974358974359,0.987179487179487,-13,126
"UMass-HMLR",1.15893021288161,0.287193827092374,0.299579427231428,0.828870779976717,0.935040745052387,-13,1402
"UMass-PyHMLR",0.805161267528575,0.222661506588041,0.234696888163674,0.896208825357365,0.940335612181479,-13,373
"blab-gisaid_hier_mlr",1.29345467936181,0.204312205359634,0.208136390867671,0.700507614213198,0.893401015228426,-13,131
"blab-open_hier_mlr",0.821654665663601,0.199373658100098,0.201527517866861,0.672794117647059,0.878676470588235,-13,212
"CADPH-CATaLog",NA,0.293000249406824,NA,NA,NA,-12,81
"CADPH-CATaMaran",NA,0.257290023379192,NA,NA,NA,-12,32
"Hub-baseline",1.16731476108053,0.303856052576518,0.308584011960652,0.838751909229762,0.937377263801004,-12,1309
"Hub-ensemble",0.753389175780256,0.214777551491724,0.236986673528559,0.919876733436055,0.978428351309707,-12,560
"LANL-CovTransformer",NA,0.413714687733008,NA,NA,NA,-12,1122
"UGA-multicast",1.20315901070209,0.296185666823452,0.303506737775957,0.830672598796127,0.909709500130856,-12,1213
"UMass-CCHMLR",0.575567600421524,0.254226103395717,0.279453159029113,0.95,0.979487179487179,-12,102
"UMass-HMLR",1.09789513586004,0.286183825476043,0.29913988325011,0.844290657439446,0.943021914648212,-12,1286
"UMass-PyHMLR",0.776636747029103,0.231272235288686,0.242486388503501,0.908074534161491,0.943478260869565,-12,322
"blab-gisaid_hier_mlr",1.33067404081517,0.205461728482542,0.209265838028755,0.766990291262136,0.91747572815534,-12,111
"blab-open_hier_mlr",0.798486283935176,0.213956815017915,0.216138772596206,0.672794117647059,0.893382352941177,-12,193
"CADPH-CATaLog",NA,0.300027424431399,NA,NA,NA,-11,85
"CADPH-CATaMaran",NA,0.259237657256762,NA,NA,NA,-11,36
"Hub-baseline",1.06766867028795,0.307095597277245,0.311916071622726,0.865822241305281,0.947187634177759,-11,1120
"Hub-ensemble",0.730311015685716,0.211225200743158,0.232686608833298,0.92497114274721,0.979607541362062,-11,517
"LANL-CovTransformer",NA,0.406760481478568,NA,NA,NA,-11,978
"UGA-multicast",1.09951733767687,0.293907670461919,0.299533282257204,0.861997940267765,0.929454170957775,-11,1034
"UMass-CCHMLR",0.509297304153998,0.237362157385542,0.260129735868029,0.96025641025641,0.993589743589744,-11,93
"UMass-HMLR",1.01899631457549,0.287134369108114,0.298010348659756,0.868027210884354,0.953061224489796,-11,1108
"UMass-PyHMLR",0.703280010588897,0.222446171157648,0.231579299193064,0.924937965260546,0.952853598014888,-11,296
"blab-gisaid_hier_mlr",1.39853466196925,0.225613930296256,0.229370186183478,0.730769230769231,0.875,-11,108
"blab-open_hier_mlr",0.632603925120008,0.183266406593703,0.18528984128218,0.737226277372263,0.912408759124088,-11,191
"CADPH-CATaLog",NA,0.277278127394606,NA,NA,NA,-10,83
"CADPH-CATaMaran",NA,0.216514296816048,NA,NA,NA,-10,35
"Hub-baseline",1.1643490743011,0.304892132780043,0.309912793884731,0.848543273350471,0.941302485004284,-10,1233
"Hub-ensemble",0.69862029581679,0.204510686880456,0.229923783136305,0.916089299461124,0.980754426481909,-10,582
"LANL-CovTransformer",NA,0.409749500668331,NA,NA,NA,-10,1087
"UGA-multicast",1.12292096563881,0.285045487008214,0.291897942241938,0.84643040575244,0.926040061633282,-10,1137
"UMass-CCHMLR",0.587822432031298,0.267350945642325,0.289788762725091,0.938382541720154,0.985879332477535,-10,113
"UMass-HMLR",1.03239824578677,0.281486547711946,0.291849088195803,0.857433808553971,0.945236478841367,-10,1223
"UMass-PyHMLR",0.704515287902486,0.213498151797093,0.223756951859676,0.911855990068281,0.950341402855369,-10,335
"blab-gisaid_hier_mlr",1.07407333977889,0.213102621615165,0.216034851467658,0.725961538461538,0.899038461538462,-10,123
"blab-open_hier_mlr",0.708350272648003,0.188219210564152,0.190385827240821,0.703296703296703,0.915750915750916,-10,197
"CADPH-CATaLog",NA,0.309990822159732,NA,NA,NA,-9,85
"CADPH-CATaMaran",NA,0.306668983540571,NA,NA,NA,-9,36
"Hub-baseline",1.43215263251227,0.314646962927557,0.322169091591449,0.772385656001718,0.901223963925274,-9,1680
"Hub-ensemble",0.859175214922666,0.202698714081979,0.229373460849343,0.885,0.970384615384615,-9,725
"LANL-CovTransformer",NA,0.425972060414105,NA,NA,NA,-9,1388
"UGA-multicast",1.44993720913549,0.301257261224264,0.30874301343631,0.767705382436261,0.868658253927376,-9,1538
"UMass-CCHMLR",0.678041551767783,0.28596287835584,0.316946346647136,0.923076923076923,0.973076923076923,-9,129
"UMass-HMLR",1.31853082008493,0.292746053119839,0.30594331407678,0.783348457350272,0.912658802177858,-9,1654
"UMass-PyHMLR",0.871017877244263,0.221200688216396,0.233524117089265,0.876550868486352,0.933622828784119,-9,413
"blab-gisaid_hier_mlr",1.55042978823148,0.204744270682224,0.20848098027249,0.684210526315789,0.856459330143541,-9,142
"blab-open_hier_mlr",0.970317347067014,0.196314955309829,0.198770177840417,0.627737226277372,0.843065693430657,-9,215
"CADPH-CATaLog",NA,0.286182071546987,NA,NA,NA,-8,85
"CADPH-CATaMaran",NA,0.247852200656989,NA,NA,NA,-8,37
"Hub-baseline",1.39109552125911,0.324329799201556,0.332898739310039,0.770744225834046,0.906971770744226,-8,1670
"Hub-ensemble",0.877291179313552,0.22465110707664,0.254598742256245,0.881923076923077,0.969230769230769,-8,728
"LANL-CovTransformer",NA,0.432533126134407,NA,NA,NA,-8,1389
"UGA-multicast",1.40832791846069,0.311402360911356,0.319245762298729,0.771143003587904,0.874167093798052,-8,1522
"UMass-CCHMLR",0.635827447291277,0.267174521883256,0.30310610192049,0.926923076923077,0.973076923076923,-8,142
"UMass-HMLR",1.28851057276062,0.302368945200986,0.315200310528559,0.785859498531737,0.913937203523831,-8,1639
"UMass-PyHMLR",0.882339848716152,0.238353472543682,0.252529838951152,0.875930521091811,0.929280397022333,-8,423
"blab-gisaid_hier_mlr",1.58057410995808,0.215911722466331,0.220328301017368,0.631578947368421,0.822966507177033,-8,145
"blab-open_hier_mlr",0.967506803008393,0.211735224999729,0.214252763785398,0.616788321167883,0.846715328467153,-8,214
"CADPH-CATaLog",NA,0.2919529049435,NA,NA,NA,-7,84
"CADPH-CATaMaran",NA,0.249320204542362,NA,NA,NA,-7,36
"Hub-baseline",1.37894723460689,0.311617812413026,0.321343458196131,0.792735042735043,0.917307692307692,-7,1579
"Hub-ensemble",0.830832564311007,0.207192305192782,0.236140854120448,0.894615384615385,0.973461538461538,-7,684
"LANL-CovTransformer",NA,0.425040514516985,NA,NA,NA,-7,1331
"UGA-multicast",1.37442074673229,0.303683378559109,0.311713399439393,0.787506400409626,0.8868407578085,-7,1443
"UMass-CCHMLR",0.628358883719599,0.255433227403981,0.283388795211705,0.92948717948718,0.980769230769231,-7,126
"UMass-HMLR",1.23213011917918,0.291894465349854,0.304980004864265,0.803204694199955,0.927330173775671,-7,1558
"UMass-PyHMLR",0.803959166929828,0.216710049147535,0.23063516396283,0.897022332506203,0.943548387096774,-7,381
"blab-gisaid_hier_mlr",1.51504551592644,0.202073794190817,0.205802485851702,0.665071770334928,0.856459330143541,-7,144
"blab-open_hier_mlr",0.893442690312152,0.196964353028792,0.199422840564675,0.653284671532847,0.87956204379562,-7,198
"CADPH-CATaLog",NA,0.2885960079745,NA,NA,NA,-6,83
"CADPH-CATaMaran",NA,0.24875537818292,NA,NA,NA,-6,34
"Hub-baseline",1.36676250898545,0.319683011037005,0.330859324840447,0.805555555555556,0.920299145299145,-6,1520
"Hub-ensemble",0.80075319302522,0.211794475486674,0.242857065689682,0.903846153846154,0.978076923076923,-6,649
"LANL-CovTransformer",NA,0.436880337507603,NA,NA,NA,-6,1281
"UGA-multicast",1.38453276408233,0.30050605741375,0.307969812580752,0.803891449052739,0.895033282130056,-6,1389
"UMass-CCHMLR",0.562620793377869,0.244834909908553,0.271820592088612,0.93974358974359,0.985897435897436,-6,121
"UMass-HMLR",1.23766849821995,0.295103056027043,0.308339555440865,0.818776799819454,0.928909952606635,-6,1495
"UMass-PyHMLR",0.807086884501654,0.227073415362327,0.241121259800899,0.897022332506203,0.941687344913151,-6,368
"blab-gisaid_hier_mlr",1.35269283620746,0.204720371108606,0.2084336087404,0.703349282296651,0.870813397129187,-6,139
"blab-open_hier_mlr",0.796693224789236,0.195072472090077,0.197613166006428,0.675182481751825,0.905109489051095,-6,206
"CADPH-CATaLog",NA,0.298078728319954,NA,NA,NA,-5,82
"CADPH-CATaMaran",NA,0.271701512700949,NA,NA,NA,-5,33
"Hub-baseline",1.27431777647128,0.318768418059239,0.329825950262699,0.826495726495726,0.933119658119658,-5,1362
"Hub-ensemble",0.783627373061853,0.217028056656732,0.246668787498336,0.920384615384615,0.979615384615385,-5,548
"LANL-CovTransformer",NA,0.42540285705838,NA,NA,NA,-5,1174
"UGA-multicast",1.23673825871014,0.299232626548606,0.306628213949034,0.825908858166923,0.902457757296467,-5,1266
"UMass-CCHMLR",0.5875814820788,0.270254658002339,0.292813297107786,0.948717948717949,0.980769230769231,-5,96
"UMass-HMLR",1.14390422847152,0.295275577786508,0.30824244376493,0.836154366960054,0.937711577522004,-5,1338
"UMass-PyHMLR",0.82350053258413,0.239507532310824,0.251228061536162,0.90818858560794,0.945409429280397,-5,313
"blab-gisaid_hier_mlr",1.39894483174565,0.190103130372002,0.1932522048095,0.779904306220096,0.91866028708134,-5,108
"blab-open_hier_mlr",0.824873637575348,0.219298333641546,0.221882407297577,0.693430656934307,0.886861313868613,-5,185
"CADPH-CATaLog",NA,0.301498402942129,NA,NA,NA,-4,84
"CADPH-CATaMaran",NA,0.309423483875569,NA,NA,NA,-4,35
"Hub-baseline",1.17474158654529,0.323624802975531,0.335792470743251,0.862179487179487,0.942521367521368,-4,1096
"Hub-ensemble",0.755148279789338,0.211852298440224,0.241860723043784,0.931538461538462,0.981538461538462,-4,496
"LANL-CovTransformer",NA,0.412015544752122,NA,NA,NA,-4,972
"UGA-multicast",1.16195996669048,0.303282615597776,0.310152560479615,0.863543266769073,0.922939068100358,-4,1017
"UMass-CCHMLR",0.532744041212515,0.267873590088167,0.295657941800755,0.956410256410256,0.98974358974359,-4,87
"UMass-HMLR",1.06827298332561,0.292601042808207,0.304271872441169,0.86752426088919,0.948318663958474,-4,1083
"UMass-PyHMLR",0.716627406112786,0.227614612088842,0.238632090729457,0.922456575682382,0.957196029776675,-4,284
"blab-gisaid_hier_mlr",1.37311948910028,0.219343617995368,0.22383083643715,0.760765550239234,0.880382775119617,-4,109
"blab-open_hier_mlr",0.662495827371295,0.19208598522873,0.19437495048539,0.737226277372263,0.916058394160584,-4,184
"CADPH-CATaLog",NA,0.277001841523953,NA,NA,NA,-3,83
"CADPH-CATaMaran",NA,0.217841694250301,NA,NA,NA,-3,34
"Hub-baseline",1.25525856076203,0.315774033038636,0.330881651935132,0.847222222222222,0.937820512820513,-3,1211
"Hub-ensemble",0.715255568421946,0.206613080875846,0.23944386521765,0.916153846153846,0.980384615384615,-3,564
"LANL-CovTransformer",NA,0.420972081812257,NA,NA,NA,-3,1076
"UGA-multicast",1.16375189795709,0.288936027661597,0.296257295155462,0.852534562211982,0.923963133640553,-3,1118
"UMass-CCHMLR",0.589515834257302,0.284737669778733,0.312286851272786,0.938461538461538,0.982051282051282,-3,107
"UMass-HMLR",1.07197779121339,0.28569899964899,0.297499695740835,0.860302414804784,0.941548183254344,-3,1200
"UMass-PyHMLR",0.743485766471885,0.225142598382439,0.236882618496147,0.910669975186104,0.946650124069479,-3,323
"blab-gisaid_hier_mlr",1.03899097707719,0.19272418589188,0.195884587346176,0.751196172248804,0.894736842105263,-3,119
"blab-open_hier_mlr",0.722631527291309,0.192343338266533,0.194917853485532,0.718978102189781,0.923357664233577,-3,190
"CADPH-CATaLog",NA,0.308219376503539,NA,NA,NA,-2,85
"CADPH-CATaMaran",NA,0.284069136872797,NA,NA,NA,-2,36
"Hub-baseline",1.53656444286093,0.327750479620509,0.343203172171356,0.770512820512821,0.899358974358974,-2,1644
"Hub-ensemble",0.882037914839782,0.206932435001904,0.242610048388137,0.889615384615385,0.973076923076923,-2,699
"LANL-CovTransformer",NA,0.439230076629218,NA,NA,NA,-2,1378
"UGA-multicast",1.52561938241822,0.310167604871215,0.318721780062185,0.770609318996416,0.860215053763441,-2,1510
"UMass-CCHMLR",0.696094980545637,0.316434219719371,0.350027775089595,0.916666666666667,0.970512820512821,-2,126
"UMass-HMLR",1.37762218157125,0.298821701083768,0.313428044100599,0.791017828932521,0.907921462423832,-2,1613
"UMass-PyHMLR",0.876826554395256,0.228585289325061,0.242169215155618,0.87531017369727,0.936724565756824,-2,400
"blab-gisaid_hier_mlr",1.49846037050689,0.196203659303555,0.200406455962635,0.722488038277512,0.861244019138756,-2,140
"blab-open_hier_mlr",0.984292789662412,0.204523394996893,0.207542198785603,0.624087591240876,0.85036496350365,-2,206
"CADPH-CATaLog",NA,0.287935185555776,NA,NA,NA,-1,85
"CADPH-CATaMaran",NA,0.24624637037123,NA,NA,NA,-1,36
"Hub-baseline",1.51515444828461,0.339418352381709,0.357411869309978,0.770512820512821,0.901709401709402,-1,1613
"Hub-ensemble",0.902282943388331,0.230808976977325,0.269687268266357,0.885,0.969230769230769,-1,697
"LANL-CovTransformer",NA,0.448744576584074,NA,NA,NA,-1,1344
"UGA-multicast",1.48319231232577,0.318715226390938,0.326636346822314,0.776497695852535,0.866871479774706,-1,1472
"UMass-CCHMLR",0.637419226353408,0.289004641225224,0.3249304062003,0.932051282051282,0.975641025641026,-1,130
"UMass-HMLR",1.35758084737412,0.309415575101983,0.32453500232339,0.787406905890318,0.90814714511397,-1,1583
"UMass-PyHMLR",0.909433830743763,0.249611089103025,0.265308953565791,0.879652605459057,0.933622828784119,-1,404
"blab-gisaid_hier_mlr",1.73266679435508,0.218401761856549,0.222734757752526,0.669856459330144,0.832535885167464,-1,138
"blab-open_hier_mlr",0.995892313233096,0.220225139684769,0.223317384546283,0.62043795620438,0.832116788321168,-1,208
"CADPH-CATaLog",NA,0.294519636886968,NA,NA,NA,0,84
"CADPH-CATaMaran",NA,0.268988649888217,NA,NA,NA,0,36
"Hub-baseline",1.49717298669302,0.326795038643157,0.345249656336113,0.792948717948718,0.909188034188034,0,1526
"Hub-ensemble",0.850917835221432,0.209352618209832,0.247874489678323,0.899230769230769,0.972307692307692,0,655
"LANL-CovTransformer",NA,0.447196990805918,NA,NA,NA,0,1293
"UGA-multicast",1.45446686931467,0.310239805429056,0.318656643331171,0.794674859190988,0.882488479262673,0,1393
"UMass-CCHMLR",0.61235012027074,0.250288878276447,0.289974746312882,0.934615384615385,0.979487179487179,0,115
"UMass-HMLR",1.27437527291524,0.297586024225659,0.312332984822713,0.809975174904085,0.91875423155044,0,1502
"UMass-PyHMLR",0.812706361135881,0.21911256966651,0.233423836006953,0.896401985111663,0.950372208436725,0,367
"blab-gisaid_hier_mlr",1.40411676340252,0.190948625898746,0.195224688282415,0.703349282296651,0.904306220095694,0,140
"blab-open_hier_mlr",0.895373097520694,0.194799385718871,0.197653515701773,0.675182481751825,0.87956204379562,0,192
"CADPH-CATaLog",NA,0.293071496977778,NA,NA,NA,1,82
"CADPH-CATaMaran",NA,0.244664346313775,NA,NA,NA,1,33
"Hub-baseline",1.53026180511577,0.337589003997927,0.357420895493547,0.8,0.906196581196581,1,1458
"Hub-ensemble",0.82239261619871,0.211482154949167,0.252565482976232,0.906538461538462,0.978461538461538,1,615
"LANL-CovTransformer",NA,0.45435066046325,NA,NA,NA,1,1232
"UGA-multicast",1.45336246056444,0.305697367844531,0.314135011404084,0.807987711213518,0.893753200204813,1,1335
"UMass-CCHMLR",0.554324033209327,0.251810869677388,0.294901995927506,0.947435897435897,0.980769230769231,1,113
"UMass-HMLR",1.30205020662721,0.301079300076111,0.315494392362507,0.819679530580005,0.922365154592643,1,1436
"UMass-PyHMLR",0.833197856973732,0.238290433359568,0.252690627859155,0.901985111662531,0.942307692307692,1,351
"blab-gisaid_hier_mlr",1.3521002890539,0.198248250992661,0.202534574665824,0.717703349282297,0.870813397129187,1,132
"blab-open_hier_mlr",0.80680935136131,0.19262151297643,0.195733607164246,0.68978102189781,0.87956204379562,1,197
"CADPH-CATaLog",NA,0.302451128825904,NA,NA,NA,2,82
"CADPH-CATaMaran",NA,0.248683069957541,NA,NA,NA,2,34
"Hub-baseline",1.42553118913374,0.336116186338278,0.356742952296919,0.821367521367521,0.926923076923077,2,1313
"Hub-ensemble",0.832520412878931,0.223002870091227,0.26469668107332,0.920769230769231,0.978461538461538,2,524
"LANL-CovTransformer",NA,0.443760419309577,NA,NA,NA,2,1132
"UGA-multicast",1.31675065267746,0.307997262334735,0.316044227571291,0.828725038402458,0.900409626216078,2,1223
"UMass-CCHMLR",0.578795591011855,0.275016562506646,0.305820725603604,0.956410256410256,0.984615384615385,2,87
"UMass-HMLR",1.20260432105226,0.299991332193047,0.314491355072791,0.842247799593771,0.934552019860077,2,1289
"UMass-PyHMLR",0.809301565473775,0.244141095125267,0.256615313620668,0.915632754342432,0.950372208436725,2,301
"blab-gisaid_hier_mlr",1.3733707258911,0.18628550124661,0.190430648684307,0.808612440191388,0.909090909090909,2,109
"blab-open_hier_mlr",0.864961016812688,0.227004929249323,0.230071798824111,0.68978102189781,0.87956204379562,2,177
"CADPH-CATaLog",NA,0.300721472017937,NA,NA,NA,3,84
"CADPH-CATaMaran",NA,0.315509541337682,NA,NA,NA,3,35
"Hub-baseline",1.3076027511461,0.340984363511087,0.363027441277343,0.861111111111111,0.936111111111111,3,1051
"Hub-ensemble",0.7513771613305,0.21032904599465,0.249959808001024,0.934230769230769,0.980769230769231,3,471
"LANL-CovTransformer",NA,0.427196635969146,NA,NA,NA,3,936
"UGA-multicast",1.23135548419354,0.308522478958926,0.315956441128511,0.864311315924219,0.920890937019969,3,980
"UMass-CCHMLR",0.519299157696232,0.274228899247041,0.317742735986466,0.964102564102564,0.988461538461539,3,77
"UMass-HMLR",1.10571906429936,0.295476535431346,0.309107904097697,0.874069058903182,0.948318663958474,3,1038
"UMass-PyHMLR",0.738879677828088,0.236287492569724,0.248564576081514,0.924937965260546,0.955955334987593,3,269
"blab-gisaid_hier_mlr",1.32342031236411,0.201698315288455,0.207024283721462,0.794258373205742,0.894736842105263,3,106
"blab-open_hier_mlr",0.651184014742487,0.193112612731497,0.195900644883281,0.748175182481752,0.912408759124088,3,175
"CADPH-CATaLog",NA,0.279911563823297,NA,NA,NA,4,83
"CADPH-CATaMaran",NA,0.23055286641851,NA,NA,NA,4,34
"Hub-baseline",1.35115279060093,0.334661365904227,0.358883951090551,0.844230769230769,0.933119658119658,4,1166
"Hub-ensemble",0.704936236700532,0.204776373971485,0.249834631310105,0.921923076923077,0.982307692307692,4,537
"LANL-CovTransformer",NA,0.434539397937646,NA,NA,NA,4,1036
"UGA-multicast",1.21570669040052,0.295994358578634,0.303764398068347,0.855862775217614,0.918074756784434,4,1078
"UMass-CCHMLR",0.572044761923495,0.28193312840237,0.330632905312293,0.947435897435897,0.985897435897436,4,93
"UMass-HMLR",1.11279707294402,0.291694201269866,0.305048775780198,0.863010607086437,0.940871135183931,4,1155
"UMass-PyHMLR",0.754255091780614,0.230326988228218,0.242515566617115,0.916873449131514,0.952233250620347,4,305
"blab-gisaid_hier_mlr",0.961413092217015,0.190540839218528,0.195748578580613,0.76555023923445,0.904306220095694,4,124
"blab-open_hier_mlr",0.733619013487794,0.196216030060455,0.199501481339892,0.718978102189781,0.912408759124088,4,189
"CADPH-CATaLog",NA,0.307146779413343,NA,NA,NA,5,85
"CADPH-CATaMaran",NA,0.286657218560255,NA,NA,NA,5,36
"Hub-baseline",1.7068760322608,0.354533180196848,0.378146076211466,0.771794871794872,0.89465811965812,5,1589
"Hub-ensemble",0.908930405682192,0.213643378308128,0.261639288591585,0.896538461538462,0.971153846153846,5,670
"LANL-CovTransformer",NA,0.45767839737169,NA,NA,NA,5,1332
"UGA-multicast",1.64088007577736,0.322852133979848,0.331606709698314,0.777009728622632,0.856118791602663,5,1459
"UMass-CCHMLR",0.684048871520101,0.322073416622025,0.367491223357253,0.923076923076923,0.970512820512821,5,117
"UMass-HMLR",1.45046867067047,0.306495965258229,0.322218585834866,0.793500338524035,0.901602347099977,5,1556
"UMass-PyHMLR",0.90586431472652,0.241910249063342,0.25680671160674,0.882133995037221,0.935483870967742,5,383
"blab-gisaid_hier_mlr",1.4542933831068,0.182877900964788,0.187484832015653,0.746411483253589,0.870813397129187,5,138
"blab-open_hier_mlr",1.0286094752891,0.207149196447886,0.2107759594495,0.653284671532847,0.85036496350365,5,191
"CADPH-CATaLog",NA,0.296078049826152,NA,NA,NA,6,85
"CADPH-CATaMaran",NA,0.244982681584162,NA,NA,NA,6,36
"Hub-baseline",1.66532821335991,0.3554611388498,0.381866792011046,0.777350427350427,0.898717948717949,6,1552
"Hub-ensemble",0.916306224268171,0.230868770918277,0.280702212604499,0.893461538461538,0.966923076923077,6,665
"LANL-CovTransformer",NA,0.456462191207275,NA,NA,NA,6,1310
"UGA-multicast",1.60248025974731,0.325959310703551,0.33443353131453,0.782642089093702,0.864311315924219,6,1421
"UMass-CCHMLR",0.635021877344304,0.306333522184068,0.356551823797271,0.933333333333333,0.970512820512821,6,126
"UMass-HMLR",1.42040100317684,0.312946252845178,0.329622542266168,0.795305800045137,0.906341683592868,6,1521
"UMass-PyHMLR",0.918476158648982,0.251426831389499,0.267031662286992,0.887096774193548,0.93424317617866,6,383
"blab-gisaid_hier_mlr",1.36512255530291,0.191074968819021,0.196189337989209,0.736842105263158,0.870813397129187,6,137
"blab-open_hier_mlr",1.00047939558289,0.216845034641552,0.220593679015401,0.638686131386861,0.839416058394161,6,198
"CADPH-CATaLog",NA,0.298144756451831,NA,NA,NA,7,84
"CADPH-CATaMaran",NA,0.250787247610714,NA,NA,NA,7,35
"Hub-baseline",1.6222052922957,0.34824852280322,0.376150944799016,0.796794871794872,0.903418803418803,7,1468
"Hub-ensemble",0.865220137948205,0.215374241913949,0.266210831540075,0.909615384615385,0.973076923076923,7,628
"LANL-CovTransformer",NA,0.456655908411661,NA,NA,NA,7,1246
"UGA-multicast",1.57110470257854,0.325715058472153,0.334711472326001,0.799027137736815,0.877624167946749,7,1343
"UMass-CCHMLR",0.633531431397233,0.278667097793671,0.326622757216572,0.935897435897436,0.978205128205128,7,107
"UMass-HMLR",1.3400492735009,0.303514749347232,0.321093187050907,0.816745655608215,0.914014895057549,7,1445
"UMass-PyHMLR",0.801253759867303,0.224007421358267,0.240036195987693,0.905707196029777,0.94727047146402,7,355
"blab-gisaid_hier_mlr",1.24298040250424,0.17659518178768,0.182040618270657,0.76555023923445,0.875598086124402,7,139
"blab-open_hier_mlr",0.940531910657587,0.206186661403474,0.20980480459955,0.678832116788321,0.87956204379562,7,179
"CADPH-CATaLog",NA,0.296659884332063,NA,NA,NA,8,82
"CADPH-CATaMaran",NA,0.275887362112845,NA,NA,NA,8,33
"Hub-baseline",1.64502134471855,0.356400662928341,0.386024926250121,0.803846153846154,0.901709401709402,8,1391
"Hub-ensemble",0.848968501034252,0.215978635618682,0.268627423611991,0.913461538461538,0.977692307692308,8,584
"LANL-CovTransformer",NA,0.457930696870571,NA,NA,NA,8,1187
"UGA-multicast",1.59743130004877,0.318970849516236,0.3282168603418,0.813364055299539,0.885560675883256,8,1272
"UMass-CCHMLR",0.5693632023206,0.273397710001386,0.324395960446638,0.943589743589744,0.983333333333333,8,106
"UMass-HMLR",1.37439987957234,0.305765997002825,0.32318928726122,0.825998645903859,0.921236741141954,8,1367
"UMass-PyHMLR",0.848839803814269,0.242196159571288,0.257759472447366,0.905086848635236,0.946029776674938,8,336
"blab-gisaid_hier_mlr",1.34927917106055,0.187442532341419,0.192582296989265,0.784688995215311,0.885167464114832,8,124
"blab-open_hier_mlr",0.862261206946067,0.20410733056767,0.207938711738469,0.678832116788321,0.89051094890511,8,188
"CADPH-CATaLog",NA,0.304279495136578,NA,NA,NA,9,82
"CADPH-CATaMaran",NA,0.253798240653367,NA,NA,NA,9,34
"Hub-baseline",1.50884335533442,0.352197947686048,0.382103224701639,0.825213675213675,0.922435897435897,9,1264
"Hub-ensemble",0.841380785221777,0.220756139790719,0.272554701437836,0.923461538461538,0.979230769230769,9,500
"LANL-CovTransformer",NA,0.455437580599809,NA,NA,NA,9,1099
"UGA-multicast",1.38508487299197,0.314811881702554,0.323524686872823,0.836661546338966,0.899129544290835,9,1173
"UMass-CCHMLR",0.53789566114154,0.256245287910377,0.310230215125811,0.96025641025641,0.985897435897436,9,82
"UMass-HMLR",1.2416943172433,0.30166714378455,0.318967505118162,0.845181674565561,0.930264048747461,9,1244
"UMass-PyHMLR",0.826913329174973,0.244635848747708,0.259179461427854,0.915632754342432,0.950992555831266,9,283
"blab-gisaid_hier_mlr",1.40650097457409,0.175071582743239,0.180052033599351,0.84688995215311,0.923444976076555,9,103
"blab-open_hier_mlr",0.905003715931056,0.220989013973937,0.224451379364441,0.693430656934307,0.872262773722628,9,168
"CADPH-CATaLog",NA,0.296641745455522,NA,NA,NA,10,83
"CADPH-CATaMaran",NA,0.285913080933696,NA,NA,NA,10,34
"Hub-baseline",1.43757171975245,0.359934509301589,0.391254621802558,0.86025641025641,0.933547008547009,10,1008
"Hub-ensemble",0.781484912934373,0.207002796341799,0.256494710141964,0.938461538461538,0.980384615384615,10,444
"LANL-CovTransformer",NA,0.449787587729701,NA,NA,NA,10,905
"UGA-multicast",1.33164286291894,0.318051153812959,0.326660246202103,0.866871479774706,0.917818740399386,10,945
"UMass-CCHMLR",0.491092611784955,0.272328472068435,0.329334082074522,0.971794871794872,0.993589743589744,10,65
"UMass-HMLR",1.16947433849573,0.30206697561365,0.316305372803698,0.877905664635522,0.946513202437373,10,995
"UMass-PyHMLR",0.745691585168555,0.235405654325907,0.246642687767459,0.929280397022333,0.959677419354839,10,253
"blab-gisaid_hier_mlr",1.24423180561829,0.179000001161349,0.184296667159304,0.842105263157895,0.91866028708134,10,101
"blab-open_hier_mlr",0.680723736110703,0.198269151946898,0.201891241747514,0.748175182481752,0.905109489051095,10,167
