"model_id","Energy Score","Brier Score Point","Brier Score Dist","Interval Coverage 50","Interval Coverage 90","n"
"CADPH-CATaLog",NA,0.292697348128239,NA,NA,NA,3026
"CADPH-CATaMaran",NA,0.257246372370637,NA,NA,NA,1275
"Hub-baseline",1.28435771236242,0.316731175009786,0.329102731244306,0.836419228809241,0.932759682350943,51939
"Hub-ensemble",0.789189348499261,0.216129159125426,0.246893114358154,0.912817200332195,0.977955153640306,24094
"LANL-CovTransformer",NA,0.426357698953312,NA,NA,NA,43642
"UGA-multicast",1.28008693965157,0.301388102224376,0.309400352528208,0.831983518044899,0.909136118215402,47648
"UMass-CCHMLR",0.593060862354209,0.269930507014217,0.29866318264527,0.942005813953488,0.982354651162791,4832
"UMass-HMLR",1.14788929581036,0.291432765353867,0.305010551478653,0.845447650082872,0.939820771413321,51079
"UMass-PyHMLR",0.765571945611181,0.227853322155891,0.241074241457777,0.908530514232166,0.949865292257233,14031
"blab-gisaid_hier_mlr",1.404921545445,0.209655689173908,0.213677330354155,0.727424320164187,0.885454079014879,4517
"blab-open_hier_mlr",0.814045284685927,0.200865315350665,0.203586105381379,0.684031819945673,0.887951105937136,7303
