"model_id","location","Energy Score","Brier Score Point","Brier Score Dist","Interval Coverage 50","Interval Coverage 90","n"
"CADPH-CATaLog","CA",NA,0.291940978102256,NA,NA,NA,2992
"CADPH-CATaMaran","CA",NA,0.251329386575105,NA,NA,NA,1241
"Hub-baseline","AK",0.565639053963383,0.327031624566909,0.33770609255906,0.96151804670913,0.983811040339703,369
"Hub-baseline","AL",0.645719383391544,0.398639875371134,0.406615030725922,0.975248856604789,0.991659940812483,155
"Hub-baseline","AR",0.481409691274355,0.336650720755336,0.34258029087736,0.991230401275578,0.997342545841084,79
"Hub-baseline","AZ",0.834844086677308,0.287862904638141,0.300645281215493,0.680669710806697,0.895890410958904,2146
"Hub-baseline","CA",4.05255716664764,0.328283901982905,0.3431650602416,0.228919425359151,0.52998126171143,3114
"Hub-baseline","CO",2.15081466785475,0.306693976560552,0.321675613218103,0.365875109938434,0.700967458223395,2821
"Hub-baseline","CT",0.731048675930845,0.271589780750665,0.2811320109003,0.684210526315789,0.899348887683125,2565
"Hub-baseline","DC",0.529597558695358,0.287455036137144,0.291499684949815,0.932813759742005,0.985487772104273,603
"Hub-baseline","DE",0.984505238678243,0.314592503159417,0.325431735385161,0.805978729519977,0.925553319919517,1134
"Hub-baseline","FL",0.73122801665386,0.33442061061951,0.345782153589775,0.844748858447489,0.943778538812785,990
"Hub-baseline","GA",0.690136423242471,0.378662241367825,0.386523123225467,0.940177849636217,0.987604419293991,468
"Hub-baseline","HI",NA,NA,NA,1,1,0
"Hub-baseline","IA",0.780214573748299,0.277033158125299,0.285229465389337,0.885294998502546,0.961066187481282,765
"Hub-baseline","ID",0.131404205677249,0.0890802522623849,0.0985316987412706,1,1,6
"Hub-baseline","IL",1.16923018812035,0.272988889531806,0.285054238944843,0.49445324881141,0.812361331220285,2558
"Hub-baseline","IN",0.536937523982198,0.339142843765019,0.346311530154508,0.984010840108401,0.996476964769648,140
"Hub-baseline","KS",0.594370696088807,0.4217580330133,0.435473768330838,0.992050874403816,0.996820349761526,53
"Hub-baseline","KY",0.44983325247213,0.295032939191821,0.311739600857908,0.994139584443261,0.998135322322856,66
"Hub-baseline","LA",1.11050844394738,0.369341879422204,0.377076297438679,0.842338597949571,0.925464117484068,847
"Hub-baseline","MA",0.892534154022188,0.302808675448719,0.312845946668482,0.802309208673613,0.933258237116305,1225
"Hub-baseline","MD",1.0566312254423,0.30678804265919,0.321111468986825,0.549684280491858,0.837155201063476,2280
"Hub-baseline","ME",0.821796875244062,0.574320737327198,0.584602181350648,0.999205718824464,1,3
"Hub-baseline","MI",0.969999234457873,0.311213641787087,0.321139248507589,0.627880512091038,0.861735419630156,2266
"Hub-baseline","MN",2.22189320538029,0.330902594908651,0.344310634062397,0.259693711306615,0.642554578038449,2888
"Hub-baseline","MO",0.602635752651252,0.350770232030736,0.361510226690108,0.942144373673036,0.971602972399151,469
"Hub-baseline","MS",0.617602238107471,0.347295356814686,0.355036931789315,0.980229762222816,0.996259684744857,162
"Hub-baseline","MT",0.658313787160686,0.413336190572897,0.417674817836052,0.981206987824246,0.993382742191636,123
"Hub-baseline","NC",0.756862229679288,0.354949697414073,0.362766832072435,0.903724928366762,0.969914040114613,566
"Hub-baseline","ND",0.447013888572558,0.271005550896278,0.280127057720137,0.967056323060574,0.992295430393199,367
"Hub-baseline","NE",0.642686514191722,0.452717214161715,0.467143828045393,0.994175271379402,0.999735239608155,33
"Hub-baseline","NH",0.623435665996316,0.332221680718947,0.340949621617835,0.966038737065535,0.988325815866278,298
"Hub-baseline","NJ",1.2866214610006,0.290746742316409,0.303573459263756,0.555696202531646,0.820569620253165,2478
"Hub-baseline","NM",0.972679780157183,0.30503918599733,0.312673350581596,0.637400530503979,0.851193633952255,2479
"Hub-baseline","NV",0.656422161135392,0.299001235444151,0.31355870043362,0.987375772226699,0.995702390545259,103
"Hub-baseline","NY",2.69532185960001,0.34992026071434,0.363946059206671,0.567071057192374,0.755632582322357,1582
"Hub-baseline","OH",0.632759755945002,0.350998022772228,0.358925538403557,0.94312925170068,0.98530612244898,421
"Hub-baseline","OK",0.490151113733672,0.293839903754819,0.299305049281748,0.965379494007989,0.993342210386152,336
"Hub-baseline","OR",0.784318866422142,0.310694983254297,0.322241678206653,0.691955339249928,0.882049813913541,2099
"Hub-baseline","PA",1.169823125822,0.319116986274746,0.326814418690453,0.823529411764706,0.931421814957139,911
"Hub-baseline","PR",0.998434642747491,0.318095264349496,0.33353683174961,0.723299565846599,0.898697539797395,1663
"Hub-baseline","RI",0.611182237381716,0.270239203492091,0.278036812273785,0.92476821192053,0.984370860927152,726
"Hub-baseline","SC",0.67083714563248,0.295924196228932,0.301961097107656,0.935922330097087,0.979750346740638,557
"Hub-baseline","SD",0.734008930290563,0.318860629966707,0.324026362598847,0.829394186362401,0.954360228198859,1201
"Hub-baseline","TN",0.727238009921486,0.312581848726679,0.320657186722011,0.89614967462039,0.966377440347072,744
"Hub-baseline","TX",0.670523871115273,0.334589317285832,0.342499573754273,0.878590785907859,0.957723577235772,894
"Hub-baseline","UT",0.831313373528556,0.289569785499216,0.306094573917552,0.752836304700162,0.907887628309022,1911
"Hub-baseline","VA",1.19107150711683,0.363284145220018,0.373836139283393,0.726283987915408,0.874018126888218,1317
"Hub-baseline","VT",0.819982818010907,0.381948808743701,0.394707539089696,0.770063871146904,0.927797833935018,1376
"Hub-baseline","WA",1.06284325803119,0.381211219228551,0.394404571490571,0.813196229648672,0.906598114824336,944
"Hub-baseline","WI",0.684826983109198,0.3357180557585,0.353765348061503,0.960364220674879,0.986609534011784,308
"Hub-baseline","WV",0.642826699130339,0.411619861392831,0.418883473189528,0.98492597577389,0.995962314939435,83
"Hub-baseline","WY",0.0371645824735811,0.027486147442788,0.0272912427586554,1,1,6
"Hub-ensemble","AK",0.492151857362751,0.257565315218181,0.305818707614409,0.959827833572453,0.980870396939263,287
"Hub-ensemble","AL",0.0416309721045195,0.028887703627921,0.0571281881987479,1,1,11
"Hub-ensemble","AR",0.0312542491866509,0.0220840367656962,0.0428604180996617,1,1,19
"Hub-ensemble","AZ",0.592171884542934,0.182362907217438,0.210498745387003,0.819148936170213,0.953900709219858,1183
"Hub-ensemble","CA",2.12469160889171,0.22674054126832,0.251068346654699,0.472545757071547,0.861342207432058,1715
"Hub-ensemble","CO",1.20151694520387,0.203836082419326,0.224641698666392,0.50106269925611,0.870882040382572,1770
"Hub-ensemble","CT",0.462908535366734,0.156643800079407,0.182330350599786,0.852250489236791,0.964285714285714,1279
"Hub-ensemble","DC",0.227066044152038,0.124717310246234,0.150319309055851,0.990943755958055,0.994280266920877,164
"Hub-ensemble","DE",0.616550963411656,0.213011255032889,0.257651882343092,0.910909957122439,0.977131967603621,464
"Hub-ensemble","FL",0.499376632537872,0.231644628270462,0.268410620232336,0.912254901960784,0.975980392156863,479
"Hub-ensemble","GA",0.741727320444615,0.452046835135657,0.49316069371732,0.985693848354793,0.997615641392465,117
"Hub-ensemble","HI",NA,NA,NA,1,1,0
"Hub-ensemble","IA",0.132720929064611,0.0657986066417922,0.0886657713165626,0.997619047619048,1,212
"Hub-ensemble","ID",NA,NA,NA,1,1,0
"Hub-ensemble","IL",0.595084920926996,0.15659571972254,0.176502447394139,0.738347457627119,0.961864406779661,1385
"Hub-ensemble","IN",0.0231345162224156,0.0162561771157199,0.032288420666932,1,1,3
"Hub-ensemble","KS",0.594263201288644,0.419850915423293,0.45935842313758,0.989513822688275,0.994756911344137,40
"Hub-ensemble","KY",0.325671627526336,0.20158083979389,0.253763056851833,0.994282991900905,0.997617913292044,41
"Hub-ensemble","LA",0.74702002566693,0.471376982591687,0.508850860378213,0.988571428571429,0.997619047619048,61
"Hub-ensemble","MA",0.717840922862791,0.183973876141406,0.214900988802738,0.881761608425084,0.963618956438487,570
"Hub-ensemble","MD",0.826940324813886,0.218189821132182,0.242183032765366,0.613781123335263,0.898089171974522,1451
"Hub-ensemble","ME",NA,NA,NA,1,1,0
"Hub-ensemble","MI",0.65337166758878,0.266492339961508,0.296236275438921,0.791192478970807,0.939633844631371,990
"Hub-ensemble","MN",1.26942775508606,0.232154464202518,0.254329923416535,0.504022988505747,0.910919540229885,1590
"Hub-ensemble","MO",0.530233745588747,0.282540526912794,0.323533949601542,0.950405340963281,0.976156413924654,287
"Hub-ensemble","MS",0.49569597509794,0.35046925346513,0.38347609184381,0.995233555767397,0.997616777883699,22
"Hub-ensemble","MT",0.869440664894099,0.61493399141911,0.717894675522728,0.999523809523809,0.999523809523809,1
"Hub-ensemble","NC",0.310974891024248,0.208603881672775,0.241523796695408,0.987589498806683,0.997136038186157,108
"Hub-ensemble","ND",0.288864170141122,0.150474880139781,0.195698253105622,0.9818268770923,0.997130559540889,213
"Hub-ensemble","NE",0.6260849880859,0.441895322813693,0.500681071573136,0.991416309012876,0.999523128278493,27
"Hub-ensemble","NH",0.558823859123595,0.245326699603643,0.277753256261271,0.990476190476191,0.993809523809524,60
"Hub-ensemble","NJ",0.50657682296901,0.176780374832024,0.204976241411978,0.768990634755463,0.944328824141519,1361
"Hub-ensemble","NM",0.611811576715668,0.221221165012741,0.258294074520414,0.843735111958075,0.975702715578847,1083
"Hub-ensemble","NV",0.0625948905921796,0.0434361221834121,0.0822118067187733,1,1,6
"Hub-ensemble","NY",0.761426508126503,0.258691004245468,0.292114883852535,0.845366379310345,0.952586206896552,559
"Hub-ensemble","OH",0.554683109690238,0.391252059935277,0.440320142332051,0.993806574559314,0.999047165316818,24
"Hub-ensemble","OK",0.260950270940102,0.159746385646102,0.195269175855925,0.993806574559314,0.996665078608861,78
"Hub-ensemble","OR",0.650220560383971,0.230586343501705,0.260446920646827,0.768865435356201,0.947757255936675,1080
"Hub-ensemble","PA",0.360741643078691,0.19147428358012,0.223107841931009,0.96360153256705,0.990421455938697,238
"Hub-ensemble","PR",0.902452315177288,0.282130728576562,0.313169142767064,0.835721596724667,0.933469805527124,682
"Hub-ensemble","RI",0.327722827925959,0.139976227647119,0.174447841578988,0.969494756911344,0.994756911344137,339
"Hub-ensemble","SC",0.392291697948024,0.251575950211805,0.283043062234617,0.990943755958055,0.995233555767397,145
"Hub-ensemble","SD",0.480304993791147,0.226768408164532,0.257330753998007,0.939306358381503,0.987957610789981,428
"Hub-ensemble","TN",0.276207212660569,0.14147095051793,0.17331704557869,0.976666666666667,0.996666666666667,284
"Hub-ensemble","TX",0.420496070289401,0.244388184574817,0.288417784965644,0.971387696709585,0.989031950405341,218
"Hub-ensemble","UT",0.5161514833188,0.185273689297419,0.219425863727436,0.823700825643516,0.960660514813016,1268
"Hub-ensemble","VA",0.694372840562459,0.26501187972448,0.293653315553559,0.903486609398686,0.963617988883274,412
"Hub-ensemble","VT",0.697920730047647,0.321789328562504,0.361772102392629,0.855263157894737,0.970760233918129,635
"Hub-ensemble","WA",0.747298779427609,0.291083041070039,0.335426926398624,0.911660777385159,0.969712266532055,411
"Hub-ensemble","WI",0.287924778128001,0.142548056025847,0.199163034137264,0.99568552253116,0.999041227229147,47
"Hub-ensemble","WV",NA,NA,NA,1,1,0
"Hub-ensemble","WY",0.0142694383828688,0.00973973682498947,0.0173611780609415,1,1,6
"LANL-CovTransformer","AK",NA,0.133333333333333,NA,NA,NA,30
"LANL-CovTransformer","AL",NA,0.543943413914097,NA,NA,NA,30
"LANL-CovTransformer","AR",NA,0.5,NA,NA,NA,3
"LANL-CovTransformer","AZ",NA,0.387225186780869,NA,NA,NA,2051
"LANL-CovTransformer","CA",NA,0.406062640761287,NA,NA,NA,2959
"LANL-CovTransformer","CO",NA,0.378817918694858,NA,NA,NA,2565
"LANL-CovTransformer","CT",NA,0.408102233874033,NA,NA,NA,2461
"LANL-CovTransformer","DC",NA,0.678822153438658,NA,NA,NA,394
"LANL-CovTransformer","DE",NA,0.420837738203585,NA,NA,NA,648
"LANL-CovTransformer","FL",NA,0.446935831951165,NA,NA,NA,913
"LANL-CovTransformer","GA",NA,0.58853592814162,NA,NA,NA,343
"LANL-CovTransformer","HI",NA,NA,NA,NA,NA,0
"LANL-CovTransformer","IA",NA,0.400672999743352,NA,NA,NA,584
"LANL-CovTransformer","ID",NA,NA,NA,NA,NA,0
"LANL-CovTransformer","IL",NA,0.379074809337285,NA,NA,NA,2423
"LANL-CovTransformer","IN",NA,0.649987302148759,NA,NA,NA,81
"LANL-CovTransformer","KS",NA,0.5,NA,NA,NA,2
"LANL-CovTransformer","KY",NA,0.395541159722753,NA,NA,NA,15
"LANL-CovTransformer","LA",NA,0.422856446261121,NA,NA,NA,737
"LANL-CovTransformer","MA",NA,0.389225793296272,NA,NA,NA,783
"LANL-CovTransformer","MD",NA,0.357062316661616,NA,NA,NA,2139
"LANL-CovTransformer","ME",NA,NA,NA,NA,NA,0
"LANL-CovTransformer","MI",NA,0.437579792303096,NA,NA,NA,2151
"LANL-CovTransformer","MN",NA,0.390250589904674,NA,NA,NA,2729
"LANL-CovTransformer","MO",NA,0.424050632911392,NA,NA,NA,79
"LANL-CovTransformer","MS",NA,0.700509350335598,NA,NA,NA,12
"LANL-CovTransformer","MT",NA,1,NA,NA,NA,14
"LANL-CovTransformer","NC",NA,0.505768508202955,NA,NA,NA,430
"LANL-CovTransformer","ND",NA,0.439835511171052,NA,NA,NA,103
"LANL-CovTransformer","NE",NA,NA,NA,NA,NA,0
"LANL-CovTransformer","NH",NA,0.536585365853659,NA,NA,NA,41
"LANL-CovTransformer","NJ",NA,0.369946011274694,NA,NA,NA,2347
"LANL-CovTransformer","NM",NA,0.478197483791593,NA,NA,NA,2324
"LANL-CovTransformer","NV",NA,0.706728289969733,NA,NA,NA,69
"LANL-CovTransformer","NY",NA,0.418172685943231,NA,NA,NA,1521
"LANL-CovTransformer","OH",NA,0.5839177647963,NA,NA,NA,364
"LANL-CovTransformer","OK",NA,0.530842440467861,NA,NA,NA,153
"LANL-CovTransformer","OR",NA,0.446684507664324,NA,NA,NA,1993
"LANL-CovTransformer","PA",NA,0.419266692849949,NA,NA,NA,719
"LANL-CovTransformer","PR",NA,0.425837137934654,NA,NA,NA,1575
"LANL-CovTransformer","RI",NA,0.505187845828757,NA,NA,NA,261
"LANL-CovTransformer","SC",NA,0.54129953279364,NA,NA,NA,441
"LANL-CovTransformer","SD",NA,0.450352457135995,NA,NA,NA,950
"LANL-CovTransformer","TN",NA,0.486360433081259,NA,NA,NA,494
"LANL-CovTransformer","TX",NA,0.4856507121059,NA,NA,NA,722
"LANL-CovTransformer","UT",NA,0.405381485577617,NA,NA,NA,1559
"LANL-CovTransformer","VA",NA,0.472335318579037,NA,NA,NA,1221
"LANL-CovTransformer","VT",NA,0.470119786089041,NA,NA,NA,1217
"LANL-CovTransformer","WA",NA,0.53464988704325,NA,NA,NA,760
"LANL-CovTransformer","WI",NA,0.586538461538462,NA,NA,NA,26
"LANL-CovTransformer","WV",NA,0.53125,NA,NA,NA,16
"LANL-CovTransformer","WY",NA,NA,NA,NA,NA,0
"UGA-multicast","AK",0.698219907827913,0.392921303634049,0.410217575051227,0.951559389515594,0.964830789648308,343
"UGA-multicast","AL",0.667737633494875,0.412918345999343,0.438927668896356,0.972371967654987,0.986522911051213,145
"UGA-multicast","AR",0.464134209410057,0.328034447072968,0.344754801982121,0.990036532713384,0.994686150780472,77
"UGA-multicast","AZ",0.810223829774987,0.264576308583683,0.272621647077724,0.688053881602269,0.855370436015597,1919
"UGA-multicast","CA",4.29968090718827,0.309193557102383,0.314297235860368,0.298397435897436,0.583012820512821,3032
"UGA-multicast","CO",1.71467033450778,0.267286625421268,0.273832267454954,0.453523693803159,0.764884568651276,2804
"UGA-multicast","CT",0.725854188848111,0.255862639116059,0.270636751334845,0.702702702702703,0.86192714453584,2500
"UGA-multicast","DC",0.610384296135869,0.319466323612224,0.333609870900154,0.923646148671376,0.954927682475614,555
"UGA-multicast","DE",1.02073290502346,0.309588305018572,0.31133477535434,0.827716535433071,0.883464566929134,957
"UGA-multicast","FL",0.719633490767634,0.309299955460726,0.31946354124551,0.846725663716814,0.915398230088496,839
"UGA-multicast","GA",0.75043601170041,0.408664664379541,0.419074268351739,0.932140445644835,0.978055367994598,425
"UGA-multicast","HI",NA,NA,NA,1,1,0
"UGA-multicast","IA",0.781844065544843,0.264976165589946,0.267114577260442,0.886320575975748,0.928381962864722,713
"UGA-multicast","ID",0.0384051306200272,0.0277170533471963,0.0280478969664899,1,1,6
"UGA-multicast","IL",0.971583988122297,0.235345150288691,0.239073226424322,0.567796610169492,0.819426336375489,2471
"UGA-multicast","IN",0.559409011394563,0.347265660558454,0.366418395469252,0.982324949014276,0.991502379333786,125
"UGA-multicast","KS",0.603613669289781,0.427395619929912,0.429605421753418,0.992384105960265,0.994701986754967,50
"UGA-multicast","KY",0.479786078446345,0.281891614007961,0.286927373317876,0.996006655574043,0.996006655574043,42
"UGA-multicast","LA",1.09585652061719,0.363965491451369,0.367609219839755,0.845188284518828,0.894002789400279,755
"UGA-multicast","MA",0.91470301900823,0.2862782823528,0.297463334959126,0.809939759036145,0.862349397590361,1167
"UGA-multicast","MD",0.941739963018315,0.281119446488694,0.285688306525373,0.601845522898155,0.823308270676692,2209
"UGA-multicast","ME",0.839836677748071,0.591332190046859,0.591674407543351,0.999006951340616,1,3
"UGA-multicast","MI",0.914431703460001,0.292654334754073,0.30289258444286,0.645192618970541,0.824862415021042,2063
"UGA-multicast","MN",1.83216665135201,0.292557786623436,0.295949703995004,0.355824102047667,0.704598858677409,2798
"UGA-multicast","MO",0.687332931528576,0.380351302507141,0.39344744751655,0.94195688225539,0.955887230514096,400
"UGA-multicast","MS",1.0509775101828,0.505631396718381,0.508456152805693,0.966922819913131,0.970263949214835,160
"UGA-multicast","MT",0.851041884614864,0.487510695316798,0.498516738572652,0.977167438782263,0.980807412309729,123
"UGA-multicast","NC",0.759205812036586,0.358004979383252,0.362960061403774,0.901372832369942,0.949421965317919,504
"UGA-multicast","ND",0.459949056062758,0.297909834687261,0.31264875089911,0.969102990033223,0.974418604651163,312
"UGA-multicast","NE",0.826235633969786,0.585137393584237,0.585274215584322,0.994372724263489,0.995034756703079,29
"UGA-multicast","NH",0.735328405831683,0.38485868278942,0.394068195077429,0.954244031830239,0.973474801061008,280
"UGA-multicast","NJ",1.39673574765771,0.271761650033338,0.280561149473115,0.567134268537074,0.753841015364061,2368
"UGA-multicast","NM",0.971028162681831,0.300619198033402,0.306396834310765,0.647075938318301,0.804480651731161,2279
"UGA-multicast","NV",0.62309987601668,0.308436732399654,0.326898605144787,0.990990990990991,0.993326659993327,85
"UGA-multicast","NY",3.04048018458799,0.33801347343911,0.343241618380658,0.500222518914108,0.640854472630174,1429
"UGA-multicast","OH",0.635707994365989,0.363469930869349,0.375240572687694,0.943877551020408,0.973809523809524,371
"UGA-multicast","OK",1.01070884254928,0.450202670285084,0.456735494527187,0.952792553191489,0.961768617021277,254
"UGA-multicast","OR",0.736323538508021,0.295150870302807,0.304832996834469,0.678621659634318,0.835091420534459,1904
"UGA-multicast","PA",1.22910577476587,0.317952200499262,0.324236401103545,0.798084008843036,0.880619012527635,820
"UGA-multicast","PR",0.920215055305304,0.306675073394524,0.313162754007095,0.728165938864629,0.867903930131004,1444
"UGA-multicast","RI",0.617036372835767,0.266217111107507,0.275162919575229,0.922159655515071,0.943689963564094,605
"UGA-multicast","SC",0.735157007420068,0.309295440852026,0.318151143386539,0.935540069686411,0.962369337979094,494
"UGA-multicast","SD",0.849031892010557,0.337067796979865,0.349163216529991,0.807743658210948,0.89218958611482,1128
"UGA-multicast","TN",0.695947646950865,0.287175141561771,0.296026982536716,0.902414144848691,0.948316899013941,623
"UGA-multicast","TX",0.716505308711963,0.340262467290471,0.350826073696323,0.87716955941255,0.938251001335114,767
"UGA-multicast","UT",0.877511109740143,0.254919587004802,0.264163421535827,0.78641975308642,0.866666666666667,1615
"UGA-multicast","VA",1.19849145691958,0.357795856056896,0.365252882255442,0.696946852619676,0.83377308707124,1196
"UGA-multicast","VT",0.733408799544851,0.338485361578077,0.348457820392026,0.805334257014202,0.921718046414964,1176
"UGA-multicast","WA",1.07077360014756,0.375516727212355,0.385832906760512,0.821617802896503,0.894030377958319,825
"UGA-multicast","WI",0.739873623109331,0.364860823665406,0.391608780607161,0.950033534540577,0.971830985915493,293
"UGA-multicast","WV",0.70978627561895,0.42529437077218,0.444507940855383,0.987546280713564,0.989229215752272,78
"UGA-multicast","WY",0.000713491956775728,0.000494514987665055,0.000507393814614465,1,1,6
"UMass-CCHMLR","AK",0.0538413814649165,0.040723999276276,0.0640670552797161,1,1,15
"UMass-CCHMLR","AL",NA,NA,NA,1,1,0
"UMass-CCHMLR","AR",NA,NA,NA,1,1,0
"UMass-CCHMLR","AZ",0.270837274021539,0.173125496613469,0.184119707620661,0.961409395973154,0.981543624161074,162
"UMass-CCHMLR","CA",0.702642742026283,0.260930225354918,0.282679850702767,0.583032490974729,0.875451263537906,477
"UMass-CCHMLR","CO",0.558988009261347,0.204214403515855,0.228157742152137,0.733676975945017,0.903780068728522,486
"UMass-CCHMLR","CT",0.291341399563909,0.1535248126345,0.161236823151247,0.957236842105263,0.988486842105263,112
"UMass-CCHMLR","DC",NA,NA,NA,1,1,0
"UMass-CCHMLR","DE",0.774817438143304,0.295023418917523,0.328319322614204,0.874403815580286,0.941176470588235,158
"UMass-CCHMLR","FL",0.765941107791691,0.452250970093576,0.471309399466317,0.89776357827476,0.952076677316294,109
"UMass-CCHMLR","GA",0.943038091622465,0.606707774099547,0.629218136023358,0.995238095238095,1,3
"UMass-CCHMLR","HI",NA,NA,NA,1,1,0
"UMass-CCHMLR","IA",NA,NA,NA,1,1,0
"UMass-CCHMLR","ID",NA,NA,NA,1,1,0
"UMass-CCHMLR","IL",0.575937441980818,0.255271504263422,0.277936666880345,0.816393442622951,0.968852459016393,206
"UMass-CCHMLR","IN",NA,NA,NA,1,1,0
"UMass-CCHMLR","KS",1.07946599473127,0.782584268759402,0.791893247503679,0.996825396825397,0.996825396825397,2
"UMass-CCHMLR","KY",0.435202206380325,0.297126661352671,0.330236273264315,0.992063492063492,0.993650793650794,13
"UMass-CCHMLR","LA",0.167446474208988,0.0908223298469553,0.196658903665111,1,1,8
"UMass-CCHMLR","MA",0.830792422027322,0.310281715023547,0.322624457068591,0.963492063492064,0.973015873015873,50
"UMass-CCHMLR","MD",0.863389394668193,0.307792126281486,0.331230273416411,0.638783269961977,0.897338403041825,372
"UMass-CCHMLR","ME",NA,NA,NA,1,1,0
"UMass-CCHMLR","MI",0.693673317178248,0.324938889275706,0.358127934312,0.875202593192869,0.965964343598055,144
"UMass-CCHMLR","MN",0.81135003807019,0.249354087678979,0.267701669201622,0.673647469458988,0.93542757417103,434
"UMass-CCHMLR","MO",0.425454634634887,0.308257269190552,0.334966745113574,0.977707006369427,0.988853503184713,41
"UMass-CCHMLR","MS",NA,NA,NA,1,1,0
"UMass-CCHMLR","MT",NA,NA,NA,1,1,0
"UMass-CCHMLR","NC",0.507887386307584,0.366615264188528,0.392766122588981,0.992050874403816,1,10
"UMass-CCHMLR","ND",0.0716164728132815,0.0359955922107507,0.0622791600618576,1,1,35
"UMass-CCHMLR","NE",0.917027441499908,0.67487173536772,0.689527725588465,0.993650793650794,1,4
"UMass-CCHMLR","NH",NA,NA,NA,1,1,0
"UMass-CCHMLR","NJ",0.607980120598205,0.333119385472503,0.373114431359345,0.752981260647359,0.931856899488927,290
"UMass-CCHMLR","NM",0.381917665370705,0.19917199863873,0.227774453172993,0.917460317460317,0.990476190476191,200
"UMass-CCHMLR","NV",NA,NA,NA,1,1,0
"UMass-CCHMLR","NY",0.810733044322252,0.45512466629513,0.515414702503248,0.89202657807309,0.956810631229236,87
"UMass-CCHMLR","OH",0.756873027049111,0.475759464689499,0.563004015134458,0.998412698412698,1,1
"UMass-CCHMLR","OK",0.207294726680968,0.150438593944028,0.186675993906168,0.996825396825397,0.998412698412698,10
"UMass-CCHMLR","OR",0.300453939321653,0.193593145915024,0.216547578989692,0.948051948051948,1,140
"UMass-CCHMLR","PA",0.535615411457728,0.366073479523618,0.403105459095689,0.980922098569157,0.980922098569157,26
"UMass-CCHMLR","PR",0.463475505036315,0.299287118367742,0.344519483576822,0.942307692307692,0.961538461538462,121
"UMass-CCHMLR","RI",0.0554696186686351,0.0345001927905042,0.0559209543183068,1,1,33
"UMass-CCHMLR","SC",0.376387971254574,0.265348115826399,0.303109428125039,0.982511923688394,0.990461049284579,34
"UMass-CCHMLR","SD",NA,NA,NA,1,1,0
"UMass-CCHMLR","TN",0.361049749221623,0.233508349408768,0.253467982000187,0.968253968253968,0.990476190476191,65
"UMass-CCHMLR","TX",0.523445012710238,0.313673774431196,0.343841891617569,0.952229299363057,0.979299363057325,70
"UMass-CCHMLR","UT",0.397266851464904,0.21306720814439,0.23284163510588,0.798373983739837,0.959349593495935,428
"UMass-CCHMLR","VA",0.677358827914777,0.331108167673316,0.403811207768139,0.945072697899838,0.975767366720517,57
"UMass-CCHMLR","VT",0.649202796328453,0.432358480687942,0.488705504756171,0.898412698412698,0.976190476190476,116
"UMass-CCHMLR","WA",0.67841638810841,0.392925636114141,0.451385134178532,0.946341463414634,0.980487804878049,61
"UMass-CCHMLR","WI",0.420944072366337,0.290592413558476,0.400787442107956,0.993650793650794,0.996825396825397,11
"UMass-CCHMLR","WV",NA,NA,NA,1,1,0
"UMass-CCHMLR","WY",NA,NA,NA,1,1,0
"UMass-HMLR","AK",0.475742912724665,0.260843916442988,0.295831586054518,0.973618870266915,0.987585350713842,334
"UMass-HMLR","AL",0.593513100934849,0.369061922921998,0.39375651945448,0.977939198278181,0.994619316653215,155
"UMass-HMLR","AR",0.403391698107113,0.268553612168551,0.300113113562195,0.993948126801153,0.997694524495677,62
"UMass-HMLR","AZ",0.764411971802529,0.26007700343522,0.269899039163639,0.718112633181126,0.891628614916286,2146
"UMass-HMLR","CA",3.57380566912508,0.299155864485707,0.306746588611079,0.292941911305434,0.628044971892567,3114
"UMass-HMLR","CO",1.53661621092253,0.256857960143217,0.266873878196647,0.457469191463781,0.792004809137361,2766
"UMass-HMLR","CT",0.655838345785849,0.246795509544543,0.261964427822444,0.718393922951709,0.902604449267499,2565
"UMass-HMLR","DC",0.534317402948545,0.288424892369387,0.313341000399181,0.940607363611932,0.978500403117442,603
"UMass-HMLR","DE",0.916862101922086,0.293177422676222,0.312904740499299,0.815176774935326,0.93158953722334,1134
"UMass-HMLR","FL",0.690617481733826,0.313185130154049,0.327662430855256,0.855022831050228,0.947203196347032,990
"UMass-HMLR","GA",0.687003048569673,0.368444439475445,0.397192349216398,0.941794664510914,0.989490703314471,468
"UMass-HMLR","HI",NA,NA,NA,1,1,0
"UMass-HMLR","IA",0.744508985685266,0.259714942346105,0.271184821394234,0.896076669661575,0.964061096136568,765
"UMass-HMLR","ID",0.0966863045385406,0.0802465989482226,0.103801864375746,1,1,6
"UMass-HMLR","IL",0.980094303600655,0.237051135521121,0.244253619804987,0.54770206022187,0.825356576862124,2558
"UMass-HMLR","IN",0.544168921510232,0.34140288632904,0.359726020127245,0.985907859078591,0.995663956639566,140
"UMass-HMLR","KS",0.592182141834343,0.423251565142662,0.463462889897418,0.991503267973856,0.995098039215686,46
"UMass-HMLR","KY",0.350994098928834,0.243673306665445,0.266964213354872,0.995375722543353,0.997976878612717,62
"UMass-HMLR","LA",1.07215302041514,0.366727319293263,0.381682796301683,0.845940703796065,0.944028816846772,847
"UMass-HMLR","MA",0.777862881819555,0.282117803446913,0.295199276891978,0.83215995494227,0.929034074908476,1225
"UMass-HMLR","MD",0.901138668376726,0.275981008052583,0.284092694535757,0.594217347956132,0.860751080093054,2280
"UMass-HMLR","ME",NA,NA,NA,1,1,0
"UMass-HMLR","MI",0.897453332133409,0.293175311981418,0.304087226614126,0.644665718349929,0.858890469416785,2266
"UMass-HMLR","MN",1.82829857993899,0.287939022551314,0.29625242571978,0.362007168458781,0.752362333007494,2888
"UMass-HMLR","MO",0.569578632533308,0.321787121462534,0.350547726387483,0.949701619778346,0.975561238988349,423
"UMass-HMLR","MS",0.470494661665469,0.32743551697488,0.343259739635899,0.991997713632466,0.996856244641326,69
"UMass-HMLR","MT",0.612636455208929,0.390306998735733,0.435007082080039,0.986246226098625,0.994968131499497,82
"UMass-HMLR","NC",0.77265640975979,0.361129019701699,0.377613399435268,0.909169054441261,0.972779369627507,566
"UMass-HMLR","ND",0.351700351340626,0.21978052865929,0.24712759368596,0.974373576309795,0.994305239179954,343
"UMass-HMLR","NE",0.608247935121441,0.40433345911915,0.468483671821982,0.99412780656304,1,27
"UMass-HMLR","NH",0.620318773209987,0.322328910774649,0.339252708892543,0.970636663007684,0.99231613611416,270
"UMass-HMLR","NJ",1.23134224917074,0.271389993912041,0.278630721553701,0.564556962025316,0.804746835443038,2478
"UMass-HMLR","NM",0.997518567520377,0.300718337660457,0.318549404450799,0.657817109144543,0.880665057656208,2439
"UMass-HMLR","NV",0.66717802950558,0.302704845854812,0.333973275491366,0.988773505472916,0.996632051641875,78
"UMass-HMLR","NY",2.64642151513859,0.33359104864069,0.341266001207806,0.578509532062392,0.746967071057192,1582
"UMass-HMLR","OH",0.645722569499924,0.363047428760194,0.379348370519444,0.949659863945578,0.980408163265306,421
"UMass-HMLR","OK",0.457235897201781,0.266939026147691,0.301190138705935,0.968114181597328,0.994837534163377,295
"UMass-HMLR","OR",0.691786929294823,0.281479161456606,0.29686785935709,0.719283029777392,0.913558832032379,2073
"UMass-HMLR","PA",1.12169016078226,0.311688546843758,0.320790022228896,0.82500738989063,0.936446940585279,911
"UMass-HMLR","PR",0.892469774473485,0.30002892122696,0.314336357011633,0.754636667680146,0.908178777743995,1566
"UMass-HMLR","RI",0.50924350660033,0.226743695476376,0.252399542325809,0.937157589429584,0.979697067354173,636
"UMass-HMLR","SC",0.673661245587514,0.296746078670078,0.311517627303316,0.944521497919556,0.974202496532594,557
"UMass-HMLR","SD",0.715914672119052,0.309150510967405,0.324697926239745,0.844737565265183,0.965924704589173,1165
"UMass-HMLR","TN",0.660163716290678,0.284837651543504,0.303906144253689,0.904555314533623,0.974511930585683,744
"UMass-HMLR","TX",0.641407176550067,0.323040175404588,0.342485739981848,0.883468834688347,0.967750677506775,894
"UMass-HMLR","UT",0.691608026666077,0.243334079413935,0.260482166155144,0.79892987890735,0.930442128977753,1780
"UMass-HMLR","VA",1.15897596901447,0.350030657052822,0.363486027601082,0.737462235649547,0.885800604229607,1317
"UMass-HMLR","VT",0.739594109074839,0.351310482480529,0.36770946136485,0.80740117746005,0.942248388001121,1361
"UMass-HMLR","WA",1.05101741013461,0.378066573836007,0.389392323516315,0.838903170522708,0.914595829762925,944
"UMass-HMLR","WI",0.711932855819535,0.355998169906294,0.376170475307839,0.96411355115158,0.989287627209427,308
"UMass-HMLR","WV",0.648824602068396,0.402527578219502,0.434830965889645,0.989232839838493,0.995154777927322,83
"UMass-HMLR","WY",0.020913828525382,0.0122252911365626,0.0257015078007117,1,1,6
"UMass-PyHMLR","AK",0.193517644744422,0.129641868582344,0.147216396129688,0.990015360983103,0.990783410138249,116
"UMass-PyHMLR","AL",NA,NA,NA,1,1,0
"UMass-PyHMLR","AR",0.0277907153803102,0.0189810089297077,0.0226647292328865,1,1,6
"UMass-PyHMLR","AZ",0.336228275758996,0.160876157793569,0.175496114202594,0.889615699100572,0.948487326246934,607
"UMass-PyHMLR","CA",0.906847435232704,0.223221226965097,0.226354831800643,0.456888888888889,0.641777777777778,1040
"UMass-PyHMLR","CO",1.26578493829594,0.208984116906011,0.211561636306028,0.445661331086773,0.595619208087616,1089
"UMass-PyHMLR","CT",0.457638574949122,0.148112717186502,0.156041240383731,0.84044233807267,0.956556082148499,630
"UMass-PyHMLR","DC",0.084172594235084,0.0468809816876913,0.0556359736471016,1,1,33
"UMass-PyHMLR","DE",0.692237320833396,0.232969429364905,0.254994694506581,0.843966179861645,0.943120676402767,464
"UMass-PyHMLR","FL",0.535506301284177,0.312699263967347,0.330171199146991,0.92018779342723,0.974960876369327,233
"UMass-PyHMLR","GA",0.525764821688644,0.315877553557353,0.345950594493083,0.986175115207373,0.988479262672811,42
"UMass-PyHMLR","HI",NA,NA,NA,1,1,0
"UMass-PyHMLR","IA",0.0807540524892428,0.0275093327372586,0.0335319880148325,1,1,72
"UMass-PyHMLR","ID",NA,NA,NA,1,1,0
"UMass-PyHMLR","IL",0.662199031985503,0.152431305547256,0.15547661652269,0.718932443703086,0.847372810675563,766
"UMass-PyHMLR","IN",0.0257973625078503,0.0168055361679517,0.0251395105778257,1,1,3
"UMass-PyHMLR","KS",0.638891388531122,0.450015906899713,0.473550172807069,0.994623655913978,0.99615975422427,12
"UMass-PyHMLR","KY",0.407815127446526,0.244728077281216,0.264498316589961,0.989247311827957,0.994623655913978,36
"UMass-PyHMLR","LA",0.851293142082881,0.60289964788904,0.670325761327411,0.990783410138249,0.992319508448541,14
"UMass-PyHMLR","MA",0.809355570417585,0.196798465604763,0.210195729446643,0.822530864197531,0.91358024691358,515
"UMass-PyHMLR","MD",0.979321347414812,0.269911516353388,0.27371154874608,0.587147030185005,0.831548198636806,816
"UMass-PyHMLR","ME",NA,NA,NA,1,1,0
"UMass-PyHMLR","MI",0.844366792809595,0.318099518517547,0.329506984696909,0.761372705506784,0.845171588188348,521
"UMass-PyHMLR","MN",2.11021300186786,0.249270739716001,0.25137143721506,0.357210179076343,0.464655984919887,922
"UMass-PyHMLR","MO",0.572829666389907,0.308851286462479,0.332501352174321,0.929230769230769,0.957692307692308,254
"UMass-PyHMLR","MS",0.0603394945626358,0.0439889406181768,0.0593519212698775,1,1,12
"UMass-PyHMLR","MT",NA,NA,NA,1,1,0
"UMass-PyHMLR","NC",0.30991487381305,0.21758619969643,0.241751451142547,0.991544965411222,0.998462720983859,61
"UMass-PyHMLR","ND",0.412429607019938,0.178989642358623,0.211042810038007,0.971538461538462,0.993076923076923,154
"UMass-PyHMLR","NE",0.852530162134587,0.598120989824287,0.648657372249214,0.986943164362519,0.994623655913978,18
"UMass-PyHMLR","NH",0.545795908203429,0.245322359182141,0.24871689731932,0.986175115207373,0.989247311827957,60
"UMass-PyHMLR","NJ",0.491459727913799,0.208939359489713,0.219777961293323,0.776683087027915,0.917077175697865,781
"UMass-PyHMLR","NM",0.886240023983653,0.265042828342369,0.294133398048839,0.707373271889401,0.837941628264209,703
"UMass-PyHMLR","NV",0.0669956191496641,0.0510520723063441,0.069626718483544,1,1,6
"UMass-PyHMLR","NY",0.722787228935238,0.361888891023122,0.383397767465299,0.878028404344194,0.949874686716792,235
"UMass-PyHMLR","OH",0.818985923143711,0.581491505904441,0.603168965787735,0.992319508448541,0.999231950844854,14
"UMass-PyHMLR","OK",0.187053013709531,0.117106525752557,0.140134095672108,0.994623655913978,0.998463901689708,53
"UMass-PyHMLR","OR",0.347320499995111,0.177836296470045,0.186153578526443,0.892828364222401,0.974214343271555,502
"UMass-PyHMLR","PA",0.372500711690749,0.197217364825772,0.206840578251229,0.961449498843485,0.989976869699306,172
"UMass-PyHMLR","PR",0.465787278246275,0.285951411646009,0.314232132622565,0.938534278959811,0.964539007092199,244
"UMass-PyHMLR","RI",0.316297077609433,0.115909844794203,0.132943171725018,0.963133640552995,0.987711213517665,275
"UMass-PyHMLR","SC",0.313907143752184,0.211807019681989,0.26773051301571,0.992313604919293,0.994619523443505,52
"UMass-PyHMLR","SD",0.639633976776985,0.24782907881273,0.255021336945264,0.908450704225352,0.92018779342723,275
"UMass-PyHMLR","TN",0.351010410886045,0.161016190477001,0.177914291555031,0.953149001536098,0.980798771121352,261
"UMass-PyHMLR","TX",0.453769686481528,0.269193385683825,0.294853566423094,0.955350269438029,0.976905311778291,162
"UMass-PyHMLR","UT",0.466174318638849,0.200161451675436,0.213488704502031,0.756671899529042,0.868916797488226,965
"UMass-PyHMLR","VA",0.435821250466208,0.234591709788825,0.263053731796751,0.963971176941553,0.990392313851081,126
"UMass-PyHMLR","VT",0.759591319345208,0.369882092273837,0.402356450243378,0.863565891472868,0.958914728682171,316
"UMass-PyHMLR","WA",0.583490898194757,0.373360582107545,0.402980798200043,0.950360288230584,0.986389111289031,141
"UMass-PyHMLR","WI",0.597866327630921,0.410317786221348,0.499709970794579,0.99615975422427,0.999231950844854,11
"UMass-PyHMLR","WV",NA,NA,NA,1,1,0
"UMass-PyHMLR","WY",NA,NA,NA,1,1,0
"blab-gisaid_hier_mlr","AZ",0.668752232370372,0.127284008561179,0.128857085296021,0.78804347826087,0.923913043478261,145
"blab-gisaid_hier_mlr","CA",5.0187352037933,0.266357797414903,0.267312374279673,0.274952919020716,0.563088512241055,531
"blab-gisaid_hier_mlr","CO",1.59017595976759,0.217336019103219,0.220786019932394,0.313075506445672,0.688766114180479,542
"blab-gisaid_hier_mlr","CT",0.645190409964068,0.250379097987169,0.26558738046937,0.830845771144279,0.935323383084577,162
"blab-gisaid_hier_mlr","HI",NA,NA,NA,1,1,0
"blab-gisaid_hier_mlr","IL",0.622452307280982,0.182162398353019,0.187591142341629,0.687615526802218,0.918669131238447,480
"blab-gisaid_hier_mlr","MA",0.132373600317701,0.0936054206225631,0.098792116524922,0.990757855822551,0.994454713493531,44
"blab-gisaid_hier_mlr","MD",0.623045850870574,0.110351059209205,0.111605075142855,0.723618090452261,0.92713567839196,366
"blab-gisaid_hier_mlr","MI",0.812108291508161,0.372668950608552,0.401409571913313,0.702380952380952,0.892857142857143,42
"blab-gisaid_hier_mlr","MN",1.39797713307325,0.237052597966667,0.246392257706397,0.439140811455847,0.847255369928401,406
"blab-gisaid_hier_mlr","NE",0.00774375261898527,0.00577770169559436,0.00625782984321125,1,1,4
"blab-gisaid_hier_mlr","NJ",0.621563466582051,0.149760255651621,0.151710570683883,0.719202898550725,0.884057971014493,480
"blab-gisaid_hier_mlr","NV",NA,NA,NA,1,1,0
"blab-gisaid_hier_mlr","NY",0.850807816979928,0.193635636404885,0.194182359509836,0.748031496062992,0.885826771653543,293
"blab-gisaid_hier_mlr","OR",0.789869051833792,0.187694060778389,0.1892296489774,0.651685393258427,0.943820224719101,165
"blab-gisaid_hier_mlr","PR",1.24875572882458,0.289083485231368,0.292668376549486,0.571150097465887,0.805068226120858,374
"blab-gisaid_hier_mlr","TX",0.329433072780798,0.17002140014024,0.182630769097339,0.998299319727891,0.998299319727891,32
"blab-gisaid_hier_mlr","UT",0.527755083561177,0.160807331386253,0.161337934544379,0.946107784431138,0.976047904191617,43
"blab-gisaid_hier_mlr","VA",0.83914053010055,0.281674067095098,0.285810433417332,0.782229965156794,0.897212543554007,246
"blab-gisaid_hier_mlr","WA",0.64071508782148,0.229575726872068,0.233483318001648,0.861189801699717,0.946175637393768,150
"blab-gisaid_hier_mlr","WI",0.215918306861726,0.0925761610913245,0.0994729537618567,0.988095238095238,0.988095238095238,12
"blab-open_hier_mlr","AZ",0.319791527095439,0.114222575341192,0.116184182764436,0.861150070126227,0.939691444600281,443
"blab-open_hier_mlr","CA",0.837117989027397,0.212490044705219,0.21536424366969,0.530903328050713,0.838351822503962,1174
"blab-open_hier_mlr","CO",1.08033234580439,0.20097490049507,0.203103588487819,0.520306513409962,0.794636015325671,1214
"blab-open_hier_mlr","CT",0.282272232104085,0.117091622530244,0.119299893599566,0.869491525423729,0.954237288135593,362
"blab-open_hier_mlr","DE",0.674504456227625,0.293691584723265,0.301843706714817,0.862275449101796,0.964071856287425,61
"blab-open_hier_mlr","IL",0.571434701518252,0.140430217700953,0.14232135669561,0.732949876746097,0.930977814297453,872
"blab-open_hier_mlr","MA",0.921024560616013,0.254906644754277,0.258636418640539,0.835341365461847,0.875502008032129,158
"blab-open_hier_mlr","MD",0.969538564160555,0.255678130432463,0.25871581675463,0.579391891891892,0.83277027027027,957
"blab-open_hier_mlr","MI",0.35153700069909,0.248494319118428,0.256216011850114,1,1,7
"blab-open_hier_mlr","MN",1.22998848881665,0.225655932065655,0.227457127492034,0.544019933554817,0.87375415282392,1065
"blab-open_hier_mlr","NJ",0.419623528119079,0.209388326780986,0.213591735845544,0.810240963855422,0.942771084337349,382
"blab-open_hier_mlr","NM",0.378574272437349,0.180113306109003,0.184954703951808,0.873015873015873,1,69
"blab-open_hier_mlr","NY",0.327010088738602,0.227290823186233,0.228093788306826,0.941176470588235,0.941176470588235,8
"blab-open_hier_mlr","OR",0.52232471882976,0.196038799864846,0.198541556150208,0.773809523809524,0.932539682539683,304
"blab-open_hier_mlr","PR",0.48720057874562,0.28488626636962,0.288738848332073,0.901898734177215,0.962025316455696,80
"blab-open_hier_mlr","UT",0.376616995861951,0.16518359740825,0.168070925173599,0.804270462633452,0.943060498220641,86
